89000,1995-04-28 00:00:00Z,DT6 5AT,Detached,Established,Freehold,73,,CORONATION ROAD,BRIDPORT,BRIDPORT,WEST DORSET,DORSET,Standard,Addition,50.7280930000,-2.7652150000
45000,1995-06-15 00:00:00Z,DT6 5AU,Semi-Detached,Established,Freehold,2,,JOURNEYS END,BRIDPORT,BRIDPORT,WEST DORSET,DORSET,Standard,Addition,50.7298280000,-2.7665890000
59000,1995-03-21 00:00:00Z,DT6 5AN,Semi-Detached,Established,Freehold,103,,ALEXANDRA ROAD,BRIDPORT,BRIDPORT,WEST DORSET,DORSET,Standard,Addition,50.7288140000,-2.7632860000
46750,1995-02-27 00:00:00Z,DT6 5AU,Semi-Detached,Established,Freehold,18,,JOURNEYS END,BRIDPORT,BRIDPORT,WEST DORSET,DORSET,Standard,Addition,50.7298280000,-2.7665890000
42000,1995-01-13 00:00:00Z,DT6 5QP,Flats/Maisonettes,Established,Leasehold,12,,ALEXANDRA COURT,BRIDPORT,BRIDPORT,WEST DORSET,DORSET,Standard,Addition,50.7277120000,-2.7629990000
46500,1995-10-09 00:00:00Z,DT6 5AU,Semi-Detached,Established,Freehold,19,,JOURNEYS END,BRIDPORT,BRIDPORT,WEST DORSET,DORSET,Standard,Addition,50.7298280000,-2.7665890000
46000,1995-05-25 00:00:00Z,DT6 5QP,Terraced,New Build,Freehold,46,,ALEXANDRA COURT,BRIDPORT,BRIDPORT,WEST DORSET,DORSET,Standard,Addition,50.7277120000,-2.7629990000
35000,1995-09-29 00:00:00Z,DT6 5QP,Flats/Maisonettes,Established,Leasehold,21,,ALEXANDRA COURT,BRIDPORT,BRIDPORT,WEST DORSET,DORSET,Standard,Addition,50.7277120000,-2.7629990000
72000,1996-04-16 00:00:00Z,DT6 5BA,Detached,Established,Freehold,1,,ELIZABETH AVENUE,BRIDPORT,BRIDPORT,WEST DORSET,DORSET,Standard,Addition,50.7274240000,-2.7657140000
49950,1996-03-22 00:00:00Z,DT6 5AS,Semi-Detached,Established,Freehold,56,,CORONATION ROAD,BRIDPORT,BRIDPORT,WEST DORSET,DORSET,Standard,Addition,50.7293090000,-2.7648100000
95250,1996-03-19 00:00:00Z,DT6 5BA,Detached,Established,Freehold,5,,ELIZABETH AVENUE,BRIDPORT,BRIDPORT,WEST DORSET,DORSET,Standard,Addition,50.7274240000,-2.7657140000
35000,1996-03-08 00:00:00Z,DT6 5QP,Flats/Maisonettes,Established,Leasehold,44,,ALEXANDRA COURT,BRIDPORT,BRIDPORT,WEST DORSET,DORSET,Standard,Addition,50.7277120000,-2.7629990000
36000,1996-06-29 00:00:00Z,DT6 5QP,Flats/Maisonettes,Established,Leasehold,19,,ALEXANDRA COURT,BRIDPORT,BRIDPORT,WEST DORSET,DORSET,Standard,Addition,50.7277120000,-2.7629990000
41500,1996-12-16 00:00:00Z,DT6 5QP,Flats/Maisonettes,Established,Leasehold,15,,ALEXANDRA COURT,BRIDPORT,BRIDPORT,WEST DORSET,DORSET,Standard,Addition,50.7277120000,-2.7629990000
47500,1996-03-29 00:00:00Z,DT6 5AU,Semi-Detached,Established,Freehold,5,,JOURNEYS END,BRIDPORT,BRIDPORT,WEST DORSET,DORSET,Standard,Addition,50.7298280000,-2.7665890000
46000,1996-05-16 00:00:00Z,DT6 5BE,Terraced,Established,Freehold,17,,VEARSE CLOSE,BRIDPORT,BRIDPORT,WEST DORSET,DORSET,Standard,Addition,50.7281260000,-2.7665060000
43000,1996-10-09 00:00:00Z,DT6 5QP,Terraced,Established,Freehold,24,,ALEXANDRA COURT,BRIDPORT,BRIDPORT,WEST DORSET,DORSET,Standard,Addition,50.7277120000,-2.7629990000
87950,1996-07-05 00:00:00Z,DT6 5BA,Detached,Established,Freehold,10,,ELIZABETH AVENUE,BRIDPORT,BRIDPORT,WEST DORSET,DORSET,Standard,Addition,50.7274240000,-2.7657140000
88000,1996-06-30 00:00:00Z,DT6 5JZ,Detached,Established,Freehold,WATTON COTTAGE,3,,WATTON,BRIDPORT,WEST DORSET,DORSET,Standard,Addition,50.7248140000,-2.7688030000
38000,1996-09-20 00:00:00Z,DT6 5QP,Terraced,Established,Freehold,27,,ALEXANDRA COURT,BRIDPORT,BRIDPORT,WEST DORSET,DORSET,Standard,Addition,50.7277120000,-2.7629990000
31500,1997-11-14 00:00:00Z,DT6 5AS,Flats/Maisonettes,Established,Leasehold,31,,CORONATION ROAD,BRIDPORT,BRIDPORT,WEST DORSET,DORSET,Standard,Addition,50.7293090000,-2.7648100000
49000,1997-04-30 00:00:00Z,DT6 5QP,Terraced,Established,Freehold,2,,ALEXANDRA COURT,BRIDPORT,BRIDPORT,WEST DORSET,DORSET,Standard,Addition,50.7277120000,-2.7629990000
53500,1997-07-11 00:00:00Z,DT6 5AN,Semi-Detached,Established,Freehold,107,,ALEXANDRA ROAD,BRIDPORT,BRIDPORT,WEST DORSET,DORSET,Standard,Addition,50.7288140000,-2.7632860000
50000,1997-05-23 00:00:00Z,DT6 5BE,Semi-Detached,Established,Freehold,19,,VEARSE CLOSE,BRIDPORT,BRIDPORT,WEST DORSET,DORSET,Standard,Addition,50.7281260000,-2.7665060000
47000,1997-12-17 00:00:00Z,DT6 5AU,Terraced,Established,Freehold,14,,JOURNEYS END,BRIDPORT,BRIDPORT,WEST DORSET,DORSET,Standard,Addition,50.7298280000,-2.7665890000
38000,1997-09-01 00:00:00Z,DT6 5QP,Flats/Maisonettes,Established,Leasehold,8,,ALEXANDRA COURT,BRIDPORT,BRIDPORT,WEST DORSET,DORSET,Standard,Addition,50.7277120000,-2.7629990000
51500,1997-06-20 00:00:00Z,DT6 5BE,Terraced,Established,Freehold,13,,VEARSE CLOSE,BRIDPORT,BRIDPORT,WEST DORSET,DORSET,Standard,Addition,50.7281260000,-2.7665060000
39000,1997-11-07 00:00:00Z,DT6 5QP,Flats/Maisonettes,Established,Leasehold,18,,ALEXANDRA COURT,BRIDPORT,BRIDPORT,WEST DORSET,DORSET,Standard,Addition,50.7277120000,-2.7629990000
55000,1997-07-04 00:00:00Z,DT6 5AN,Semi-Detached,Established,Freehold,101,,ALEXANDRA ROAD,BRIDPORT,BRIDPORT,WEST DORSET,DORSET,Standard,Addition,50.7288140000,-2.7632860000
86500,1997-07-17 00:00:00Z,DT6 5AT,Detached,Established,Freehold,68,,CORONATION ROAD,BRIDPORT,BRIDPORT,WEST DORSET,DORSET,Standard,Addition,50.7280930000,-2.7652150000
94950,1997-09-03 00:00:00Z,DT6 5BA,Detached,Established,Freehold,21,,ELIZABETH AVENUE,BRIDPORT,BRIDPORT,WEST DORSET,DORSET,Standard,Addition,50.7274240000,-2.7657140000
42500,1997-03-27 00:00:00Z,DT6 5AU,Terraced,Established,Freehold,25,,JOURNEYS END,BRIDPORT,BRIDPORT,WEST DORSET,DORSET,Standard,Addition,50.7298280000,-2.7665890000
70500,1997-05-23 00:00:00Z,DT6 5AT,Detached,Established,Freehold,69,,CORONATION ROAD,BRIDPORT,BRIDPORT,WEST DORSET,DORSET,Standard,Addition,50.7280930000,-2.7652150000
95000,1997-03-04 00:00:00Z,DT6 5NJ,Detached,Established,Freehold,26,,WATTON PARK,BRIDPORT,BRIDPORT,WEST DORSET,DORSET,Standard,Addition,50.7262060000,-2.7647320000
52500,1997-04-30 00:00:00Z,DT6 5AT,Detached,Established,Freehold,71,,CORONATION ROAD,BRIDPORT,BRIDPORT,WEST DORSET,DORSET,Standard,Addition,50.7280930000,-2.7652150000
34500,1997-02-10 00:00:00Z,DT6 5QP,Flats/Maisonettes,Established,Leasehold,31,,ALEXANDRA COURT,BRIDPORT,BRIDPORT,WEST DORSET,DORSET,Standard,Addition,50.7277120000,-2.7629990000
97000,1997-01-06 00:00:00Z,DT6 5NJ,Detached,Established,Freehold,15,,WATTON PARK,BRIDPORT,BRIDPORT,WEST DORSET,DORSET,Standard,Addition,50.7262060000,-2.7647320000
34250,1997-09-10 00:00:00Z,DT6 5QP,Flats/Maisonettes,Established,Leasehold,20,,ALEXANDRA COURT,BRIDPORT,BRIDPORT,WEST DORSET,DORSET,Standard,Addition,50.7277120000,-2.7629990000
215000,1997-08-14 00:00:00Z,DT6 5JZ,Detached,Established,Freehold,WATTON FARM,,,WATTON,BRIDPORT,WEST DORSET,DORSET,Standard,Addition,50.7248140000,-2.7688030000
89500,1997-10-31 00:00:00Z,DT6 5AL,Detached,Established,Freehold,58,,ALEXANDRA ROAD,BRIDPORT,BRIDPORT,WEST DORSET,DORSET,Standard,Addition,50.7281470000,-2.7638270000
46000,1997-05-02 00:00:00Z,DT6 5AU,Semi-Detached,Established,Freehold,4,,JOURNEYS END,BRIDPORT,BRIDPORT,WEST DORSET,DORSET,Standard,Addition,50.7298280000,-2.7665890000
46000,1997-09-05 00:00:00Z,DT6 5QP,Terraced,Established,Freehold,23,,ALEXANDRA COURT,BRIDPORT,BRIDPORT,WEST DORSET,DORSET,Standard,Addition,50.7277120000,-2.7629990000
87500,1998-05-14 00:00:00Z,DT6 5AL,Detached,Established,Freehold,74,,ALEXANDRA ROAD,BRIDPORT,BRIDPORT,WEST DORSET,DORSET,Standard,Addition,50.7281470000,-2.7638270000
66500,1998-05-11 00:00:00Z,DT6 5AN,Semi-Detached,Established,Freehold,105,,ALEXANDRA ROAD,BRIDPORT,BRIDPORT,WEST DORSET,DORSET,Standard,Addition,50.7288140000,-2.7632860000
87500,1998-05-13 00:00:00Z,DT6 5NJ,Semi-Detached,Established,Freehold,7,,WATTON PARK,BRIDPORT,BRIDPORT,WEST DORSET,DORSET,Standard,Addition,50.7262060000,-2.7647320000
37000,1998-08-21 00:00:00Z,DT6 5AX,Flats/Maisonettes,Established,Leasehold,17,,PRINCESS ROAD,BRIDPORT,BRIDPORT,WEST DORSET,DORSET,Standard,Addition,50.7291330000,-2.7642260000
92950,1998-03-20 00:00:00Z,DT6 5BA,Detached,Established,Freehold,29,,ELIZABETH AVENUE,BRIDPORT,BRIDPORT,WEST DORSET,DORSET,Standard,Addition,50.7274240000,-2.7657140000
48000,1998-10-23 00:00:00Z,DT6 5AU,Semi-Detached,Established,Freehold,12,,JOURNEYS END,BRIDPORT,BRIDPORT,WEST DORSET,DORSET,Standard,Addition,50.7298280000,-2.7665890000
57000,1998-08-14 00:00:00Z,DT6 5BE,Terraced,Established,Freehold,24,,VEARSE CLOSE,BRIDPORT,BRIDPORT,WEST DORSET,DORSET,Standard,Addition,50.7281260000,-2.7665060000
40000,1998-05-01 00:00:00Z,DT6 5QP,Flats/Maisonettes,Established,Leasehold,19,,ALEXANDRA COURT,BRIDPORT,BRIDPORT,WEST DORSET,DORSET,Standard,Addition,50.7277120000,-2.7629990000
37000,1998-05-29 00:00:00Z,DT6 5AJ,Flats/Maisonettes,Established,Leasehold,56,,ALEXANDRA ROAD,BRIDPORT,BRIDPORT,WEST DORSET,DORSET,Standard,Addition,50.7299710000,-2.7640980000
50000,1998-07-03 00:00:00Z,DT6 5QP,Terraced,Established,Freehold,3,,ALEXANDRA COURT,BRIDPORT,BRIDPORT,WEST DORSET,DORSET,Standard,Addition,50.7277120000,-2.7629990000
56500,1998-05-01 00:00:00Z,DT6 5BE,Terraced,Established,Freehold,11,,VEARSE CLOSE,BRIDPORT,BRIDPORT,WEST DORSET,DORSET,Standard,Addition,50.7281260000,-2.7665060000
39250,1998-08-21 00:00:00Z,DT6 5AJ,Flats/Maisonettes,Established,Leasehold,50,,ALEXANDRA ROAD,BRIDPORT,BRIDPORT,WEST DORSET,DORSET,Standard,Addition,50.7299710000,-2.7640980000
37450,1998-07-30 00:00:00Z,DT6 5QP,Flats/Maisonettes,Established,Leasehold,44,,ALEXANDRA COURT,BRIDPORT,BRIDPORT,WEST DORSET,DORSET,Standard,Addition,50.7277120000,-2.7629990000
95000,1998-01-12 00:00:00Z,DT6 5JZ,Detached,Established,Freehold,THE BARN,,,WATTON,BRIDPORT,DORSET,DORSET,Standard,Addition,50.7248140000,-2.7688030000
95000,1998-10-16 00:00:00Z,DT6 5BA,Detached,Established,Freehold,23,,ELIZABETH AVENUE,BRIDPORT,BRIDPORT,WEST DORSET,DORSET,Standard,Addition,50.7274240000,-2.7657140000
99500,1998-05-28 00:00:00Z,DT6 5BA,Detached,Established,Freehold,15,,ELIZABETH AVENUE,BRIDPORT,BRIDPORT,WEST DORSET,DORSET,Standard,Addition,50.7274240000,-2.7657140000
34000,1998-03-20 00:00:00Z,DT6 5QP,Flats/Maisonettes,Established,Leasehold,28,,ALEXANDRA COURT,BRIDPORT,BRIDPORT,WEST DORSET,DORSET,Standard,Addition,50.7277120000,-2.7629990000
177000,1998-03-27 00:00:00Z,DT6 5JZ,Detached,Established,Freehold,MELBURY,,,WATTON,BRIDPORT,WEST DORSET,DORSET,Standard,Addition,50.7248140000,-2.7688030000
37000,1998-10-04 00:00:00Z,DT6 5AS,Flats/Maisonettes,Established,Leasehold,31,,CORONATION ROAD,BRIDPORT,BRIDPORT,WEST DORSET,DORSET,Standard,Addition,50.7293090000,-2.7648100000
94000,1998-05-22 00:00:00Z,DT6 5AT,Detached,Established,Freehold,68,,CORONATION ROAD,BRIDPORT,BRIDPORT,WEST DORSET,DORSET,Standard,Addition,50.7280930000,-2.7652150000
44500,1998-03-27 00:00:00Z,DT6 5QP,Terraced,Established,Leasehold,36,,ALEXANDRA COURT,BRIDPORT,BRIDPORT,WEST DORSET,DORSET,Standard,Addition,50.7277120000,-2.7629990000
78500,1999-04-30 00:00:00Z,DT6 5JZ,Detached,Established,Freehold,MOON COTTAGE,,,WATTON,BRIDPORT,WEST DORSET,DORSET,Standard,Addition,50.7248140000,-2.7688030000
135000,1999-09-24 00:00:00Z,DT6 5BA,Detached,Established,Freehold,5,,ELIZABETH AVENUE,,BRIDPORT,WEST DORSET,DORSET,Standard,Addition,50.7274240000,-2.7657140000
73500,1999-07-08 00:00:00Z,DT6 5AU,Semi-Detached,Established,Freehold,16,,JOURNEYS END,,BRIDPORT,WEST DORSET,DORSET,Standard,Addition,50.7298280000,-2.7665890000
56000,1999-06-30 00:00:00Z,DT6 5BE,Terraced,Established,Freehold,16,,VEARSE CLOSE,,BRIDPORT,WEST DORSET,DORSET,Standard,Addition,50.7281260000,-2.7665060000
46000,1999-02-19 00:00:00Z,DT6 5QP,Flats/Maisonettes,Established,Leasehold,9,,ALEXANDRA COURT,,BRIDPORT,WEST DORSET,DORSET,Standard,Addition,50.7277120000,-2.7629990000
49000,1999-07-30 00:00:00Z,DT6 5QP,Flats/Maisonettes,Established,Leasehold,35,,ALEXANDRA COURT,,BRIDPORT,WEST DORSET,DORSET,Standard,Addition,50.7277120000,-2.7629990000
65000,1999-11-26 00:00:00Z,DT6 5AJ,Terraced,Established,Freehold,42,,ALEXANDRA ROAD,,BRIDPORT,WEST DORSET,DORSET,Standard,Addition,50.7299710000,-2.7640980000
105500,1999-07-30 00:00:00Z,DT6 5BA,Detached,Established,Freehold,8,,ELIZABETH AVENUE,,BRIDPORT,WEST DORSET,DORSET,Standard,Addition,50.7274240000,-2.7657140000
46000,1999-01-15 00:00:00Z,DT6 5QP,Flats/Maisonettes,Established,Leasehold,30,,ALEXANDRA COURT,,BRIDPORT,WEST DORSET,DORSET,Standard,Addition,50.7277120000,-2.7629990000
117000,1999-08-12 00:00:00Z,DT6 5NJ,Detached,Established,Freehold,8,,WATTON PARK,,BRIDPORT,WEST DORSET,DORSET,Standard,Addition,50.7262060000,-2.7647320000
69950,1999-12-20 00:00:00Z,DT6 5BE,Terraced,Established,Freehold,24,,VEARSE CLOSE,,BRIDPORT,WEST DORSET,DORSET,Standard,Addition,50.7281260000,-2.7665060000
49950,1999-12-03 00:00:00Z,DT6 5QP,Flats/Maisonettes,Established,Leasehold,17,,ALEXANDRA COURT,,BRIDPORT,WEST DORSET,DORSET,Standard,Addition,50.7277120000,-2.7629990000
44000,1999-01-29 00:00:00Z,DT6 5BD,Terraced,Established,Freehold,3,,EDGEHILL ROAD,,BRIDPORT,WEST DORSET,DORSET,Standard,Addition,50.7288400000,-2.7664030000
55000,1999-10-08 00:00:00Z,DT6 5QP,Terraced,Established,Freehold,26,,ALEXANDRA COURT,,BRIDPORT,WEST DORSET,DORSET,Standard,Addition,50.7277120000,-2.7629990000
90000,2000-04-06 00:00:00Z,DT6 5AL,Detached,Established,Freehold,58,,ALEXANDRA ROAD,,BRIDPORT,WEST DORSET,DORSET,Standard,Addition,50.7281470000,-2.7638270000
45500,2000-04-28 00:00:00Z,DT6 5AS,Flats/Maisonettes,Established,Leasehold,41,,CORONATION ROAD,,BRIDPORT,WEST DORSET,DORSET,Standard,Addition,50.7293090000,-2.7648100000
59950,2000-12-21 00:00:00Z,DT6 5QP,Flats/Maisonettes,Established,Leasehold,30,,ALEXANDRA COURT,,BRIDPORT,WEST DORSET,DORSET,Standard,Addition,50.7277120000,-2.7629990000
220000,2000-12-01 00:00:00Z,DT6 5JZ,Detached,Established,Freehold,WATTON HOUSE FARM,,,WATTON,BRIDPORT,WEST DORSET,DORSET,Standard,Addition,50.7248140000,-2.7688030000
60000,2000-04-10 00:00:00Z,DT6 5QP,Flats/Maisonettes,Established,Leasehold,18,,ALEXANDRA COURT,,BRIDPORT,WEST DORSET,DORSET,Standard,Addition,50.7277120000,-2.7629990000
76950,2000-06-09 00:00:00Z,DT6 5BE,Terraced,Established,Freehold,21,,VEARSE CLOSE,,BRIDPORT,WEST DORSET,DORSET,Standard,Addition,50.7281260000,-2.7665060000
71000,2000-04-10 00:00:00Z,DT6 5AJ,Terraced,Established,Freehold,42,,ALEXANDRA ROAD,,BRIDPORT,WEST DORSET,DORSET,Standard,Addition,50.7299710000,-2.7640980000
123000,2000-11-30 00:00:00Z,DT6 5NJ,Semi-Detached,Established,Freehold,7,,WATTON PARK,,BRIDPORT,WEST DORSET,DORSET,Standard,Addition,50.7262060000,-2.7647320000
71000,2000-10-04 00:00:00Z,DT6 5AJ,Terraced,Established,Freehold,40,,ALEXANDRA ROAD,,BRIDPORT,WEST DORSET,DORSET,Standard,Addition,50.7299710000,-2.7640980000
55950,2000-05-09 00:00:00Z,DT6 5QP,Flats/Maisonettes,Established,Leasehold,19,,ALEXANDRA COURT,,BRIDPORT,WEST DORSET,DORSET,Standard,Addition,50.7277120000,-2.7629990000
48500,2000-06-19 00:00:00Z,DT6 5QP,Flats/Maisonettes,Established,Leasehold,21,,ALEXANDRA COURT,,BRIDPORT,WEST DORSET,DORSET,Standard,Addition,50.7277120000,-2.7629990000
85000,2000-08-25 00:00:00Z,DT6 5AY,Detached,Established,Freehold,6,,PRINCESS ROAD,,BRIDPORT,WEST DORSET,DORSET,Standard,Addition,50.7292140000,-2.7628950000
165000,2000-10-06 00:00:00Z,DT6 5JZ,Detached,Established,Freehold,WATTON HOUSE DAIRY,,,WATTON,BRIDPORT,WEST DORSET,DORSET,Standard,Addition,50.7248140000,-2.7688030000
60000,2000-08-29 00:00:00Z,DT6 5QP,Flats/Maisonettes,Established,Leasehold,14,,ALEXANDRA COURT,,BRIDPORT,WEST DORSET,DORSET,Standard,Addition,50.7277120000,-2.7629990000
88000,2000-04-19 00:00:00Z,DT6 5AU,Semi-Detached,Established,Freehold,17,,JOURNEYS END,,BRIDPORT,WEST DORSET,DORSET,Standard,Addition,50.7298280000,-2.7665890000
120000,2000-10-12 00:00:00Z,DT6 5JZ,Detached,Established,Freehold,TUCKERS COTTAGE,,,WATTON,BRIDPORT,WEST DORSET,DORSET,Standard,Addition,50.7248140000,-2.7688030000
82500,2000-08-04 00:00:00Z,DT6 5AU,Semi-Detached,Established,Freehold,2,,JOURNEYS END,,BRIDPORT,WEST DORSET,DORSET,Standard,Addition,50.7298280000,-2.7665890000
88000,2000-07-25 00:00:00Z,DT6 5BB,Semi-Detached,Established,Freehold,18,,GALE CRESCENT,,BRIDPORT,WEST DORSET,DORSET,Standard,Addition,50.7297060000,-2.7644340000
68500,2000-02-04 00:00:00Z,DT6 5AS,Semi-Detached,Established,Freehold,46,,CORONATION ROAD,,BRIDPORT,WEST DORSET,DORSET,Standard,Addition,50.7293090000,-2.7648100000
59000,2000-09-21 00:00:00Z,DT6 5QP,Terraced,Established,Leasehold,38,,ALEXANDRA COURT,,BRIDPORT,WEST DORSET,DORSET,Standard,Addition,50.7277120000,-2.7629990000
63000,2000-12-21 00:00:00Z,DT6 5QP,Flats/Maisonettes,Established,Leasehold,37,,ALEXANDRA COURT,,BRIDPORT,WEST DORSET,DORSET,Standard,Addition,50.7277120000,-2.7629990000
87500,2000-12-08 00:00:00Z,DT6 5AN,Semi-Detached,Established,Freehold,101,,ALEXANDRA ROAD,,BRIDPORT,WEST DORSET,DORSET,Standard,Addition,50.7288140000,-2.7632860000
150000,2000-04-06 00:00:00Z,DT6 5NJ,Detached,Established,Freehold,8,,WATTON PARK,,BRIDPORT,WEST DORSET,DORSET,Standard,Addition,50.7262060000,-2.7647320000
111000,2000-06-22 00:00:00Z,DT6 5NJ,Detached,Established,Freehold,1,,WATTON PARK,,BRIDPORT,WEST DORSET,DORSET,Standard,Addition,50.7262060000,-2.7647320000
73000,2000-12-14 00:00:00Z,DT6 5QP,Terraced,Established,Freehold,2,,ALEXANDRA COURT,,BRIDPORT,WEST DORSET,DORSET,Standard,Addition,50.7277120000,-2.7629990000
59000,2001-03-07 00:00:00Z,DT6 5QP,Flats/Maisonettes,Established,Leasehold,40,,ALEXANDRA COURT,BRIDPORT,BRIDPORT,WEST DORSET,DORSET,Standard,Addition,50.7277120000,-2.7629990000
150000,2001-06-15 00:00:00Z,DT6 5LA,Detached,Established,Freehold,BRITLANDS,1,SKILLING HILL ROAD,BRIDPORT,BRIDPORT,WEST DORSET,DORSET,Standard,Addition,50.7269650000,-2.7657210000
75000,2001-05-17 00:00:00Z,DT6 5BE,Terraced,Established,Freehold,13,,VEARSE CLOSE,BRIDPORT,BRIDPORT,WEST DORSET,DORSET,Standard,Addition,50.7281260000,-2.7665060000
56000,2001-05-25 00:00:00Z,DT6 5QP,Flats/Maisonettes,Established,Leasehold,43,,ALEXANDRA COURT,BRIDPORT,BRIDPORT,WEST DORSET,DORSET,Standard,Addition,50.7277120000,-2.7629990000
58500,2001-03-01 00:00:00Z,DT6 5QP,Flats/Maisonettes,Established,Leasehold,41,,ALEXANDRA COURT,BRIDPORT,BRIDPORT,WEST DORSET,DORSET,Standard,Addition,50.7277120000,-2.7629990000
62000,2001-04-30 00:00:00Z,DT6 5QP,Terraced,Established,Leasehold,36,,ALEXANDRA COURT,BRIDPORT,BRIDPORT,WEST DORSET,DORSET,Standard,Addition,50.7277120000,-2.7629990000
84950,2001-06-26 00:00:00Z,DT6 5BE,Terraced,Established,Freehold,21,,VEARSE CLOSE,BRIDPORT,BRIDPORT,WEST DORSET,DORSET,Standard,Addition,50.7281260000,-2.7665060000
54950,2001-03-02 00:00:00Z,DT6 5AS,Flats/Maisonettes,Established,Leasehold,31,,CORONATION ROAD,BRIDPORT,BRIDPORT,WEST DORSET,DORSET,Standard,Addition,50.7293090000,-2.7648100000
133000,2001-03-07 00:00:00Z,DT6 5AT,Detached,Established,Freehold,68,,CORONATION ROAD,BRIDPORT,BRIDPORT,WEST DORSET,DORSET,Standard,Addition,50.7280930000,-2.7652150000
63000,2001-12-05 00:00:00Z,DT6 5AJ,Flats/Maisonettes,Established,Leasehold,56,,ALEXANDRA ROAD,BRIDPORT,BRIDPORT,WEST DORSET,DORSET,Standard,Addition,50.7299710000,-2.7640980000
105000,2001-12-07 00:00:00Z,DT6 5AN,Semi-Detached,Established,Freehold,101,,ALEXANDRA ROAD,BRIDPORT,BRIDPORT,WEST DORSET,DORSET,Standard,Addition,50.7288140000,-2.7632860000
89950,2001-07-03 00:00:00Z,DT6 5AU,Semi-Detached,Established,Freehold,5,,JOURNEYS END,BRIDPORT,BRIDPORT,WEST DORSET,DORSET,Standard,Addition,50.7298280000,-2.7665890000
165000,2001-03-01 00:00:00Z,DT6 5NJ,Detached,Established,Freehold,28,,WATTON PARK,BRIDPORT,BRIDPORT,WEST DORSET,DORSET,Standard,Addition,50.7262060000,-2.7647320000
69000,2001-02-09 00:00:00Z,DT6 5BE,Terraced,Established,Freehold,25,,VEARSE CLOSE,BRIDPORT,BRIDPORT,WEST DORSET,DORSET,Standard,Addition,50.7281260000,-2.7665060000
60000,2001-07-12 00:00:00Z,DT6 5QP,Flats/Maisonettes,Established,Leasehold,16,,ALEXANDRA COURT,BRIDPORT,BRIDPORT,WEST DORSET,DORSET,Standard,Addition,50.7277120000,-2.7629990000
112000,2001-07-24 00:00:00Z,DT6 5AU,Semi-Detached,Established,Freehold,16,,JOURNEYS END,BRIDPORT,BRIDPORT,WEST DORSET,DORSET,Standard,Addition,50.7298280000,-2.7665890000
135000,2001-09-26 00:00:00Z,DT6 5BA,Detached,Established,Freehold,31,,ELIZABETH AVENUE,BRIDPORT,BRIDPORT,WEST DORSET,DORSET,Standard,Addition,50.7274240000,-2.7657140000
82000,2001-03-16 00:00:00Z,DT6 5BE,Semi-Detached,Established,Freehold,19,,VEARSE CLOSE,BRIDPORT,BRIDPORT,WEST DORSET,DORSET,Standard,Addition,50.7281260000,-2.7665060000
76500,2001-10-29 00:00:00Z,DT6 5BB,Semi-Detached,Established,Freehold,10,,GALE CRESCENT,BRIDPORT,BRIDPORT,WEST DORSET,DORSET,Standard,Addition,50.7297060000,-2.7644340000
66500,2001-06-29 00:00:00Z,DT6 5QP,Flats/Maisonettes,Established,Leasehold,35,,ALEXANDRA COURT,BRIDPORT,BRIDPORT,WEST DORSET,DORSET,Standard,Addition,50.7277120000,-2.7629990000
82000,2001-11-02 00:00:00Z,DT6 5AU,Terraced,Established,Freehold,15,,JOURNEYS END,BRIDPORT,BRIDPORT,WEST DORSET,DORSET,Standard,Addition,50.7298280000,-2.7665890000
87000,2002-05-30 00:00:00Z,DT6 5AU,Terraced,Established,Freehold,14,,JOURNEYS END,BRIDPORT,BRIDPORT,WEST DORSET,DORSET,Standard,Addition,50.7298280000,-2.7665890000
91000,2002-07-31 00:00:00Z,DT6 5QP,Terraced,Established,Leasehold,38,,ALEXANDRA COURT,BRIDPORT,BRIDPORT,WEST DORSET,DORSET,Standard,Addition,50.7277120000,-2.7629990000
73500,2002-04-05 00:00:00Z,DT6 5QP,Terraced,Established,Leasehold,38,,ALEXANDRA COURT,BRIDPORT,BRIDPORT,WEST DORSET,DORSET,Standard,Addition,50.7277120000,-2.7629990000
80000,2002-10-07 00:00:00Z,DT6 5QP,Flats/Maisonettes,Established,Leasehold,20,,ALEXANDRA COURT,BRIDPORT,BRIDPORT,WEST DORSET,DORSET,Standard,Addition,50.7277120000,-2.7629990000
110000,2002-11-20 00:00:00Z,DT6 5AU,Semi-Detached,Established,Freehold,2,,JOURNEYS END,BRIDPORT,BRIDPORT,WEST DORSET,DORSET,Standard,Addition,50.7298280000,-2.7665890000
65000,2002-08-27 00:00:00Z,DT6 5BD,Flats/Maisonettes,Established,Leasehold,24,,EDGEHILL ROAD,BRIDPORT,BRIDPORT,WEST DORSET,DORSET,Standard,Addition,50.7288400000,-2.7664030000
110000,2002-09-13 00:00:00Z,DT6 5AJ,Terraced,Established,Freehold,42,,ALEXANDRA ROAD,BRIDPORT,BRIDPORT,WEST DORSET,DORSET,Standard,Addition,50.7299710000,-2.7640980000
115000,2002-09-23 00:00:00Z,DT6 5BE,Terraced,Established,Freehold,21,,VEARSE CLOSE,BRIDPORT,BRIDPORT,WEST DORSET,DORSET,Standard,Addition,50.7281260000,-2.7665060000
90000,2002-10-03 00:00:00Z,DT6 5QP,Flats/Maisonettes,Established,Leasehold,9,,ALEXANDRA COURT,BRIDPORT,BRIDPORT,WEST DORSET,DORSET,Standard,Addition,50.7277120000,-2.7629990000
155000,2002-09-16 00:00:00Z,DT6 5AU,Semi-Detached,Established,Freehold,17,,JOURNEYS END,BRIDPORT,BRIDPORT,WEST DORSET,DORSET,Standard,Addition,50.7298280000,-2.7665890000
64000,2002-02-15 00:00:00Z,DT6 5AS,Flats/Maisonettes,Established,Leasehold,41,,CORONATION ROAD,BRIDPORT,BRIDPORT,WEST DORSET,DORSET,Standard,Addition,50.7293090000,-2.7648100000
95000,2002-07-26 00:00:00Z,DT6 5AS,Semi-Detached,Established,Freehold,46,,CORONATION ROAD,BRIDPORT,BRIDPORT,WEST DORSET,DORSET,Standard,Addition,50.7293090000,-2.7648100000
116500,2002-07-31 00:00:00Z,DT6 5AU,Terraced,Established,Freehold,6,,JOURNEYS END,BRIDPORT,BRIDPORT,WEST DORSET,DORSET,Standard,Addition,50.7298280000,-2.7665890000
60000,2002-09-06 00:00:00Z,DT6 5QP,Flats/Maisonettes,Established,Leasehold,5,,ALEXANDRA COURT,BRIDPORT,BRIDPORT,WEST DORSET,DORSET,Standard,Addition,50.7277120000,-2.7629990000
172000,2002-12-19 00:00:00Z,DT6 5LB,Detached,Established,Freehold,PORTMEAD,,WEST BAY FIELDS,BRIDPORT,BRIDPORT,WEST DORSET,DORSET,Standard,Addition,50.7241060000,-2.7639890000
189950,2002-03-01 00:00:00Z,DT6 5NJ,Detached,Established,Freehold,26,,WATTON PARK,BRIDPORT,BRIDPORT,WEST DORSET,DORSET,Standard,Addition,50.7262060000,-2.7647320000
85000,2002-01-25 00:00:00Z,DT6 5QP,Terraced,Established,Freehold,46,,ALEXANDRA COURT,BRIDPORT,BRIDPORT,WEST DORSET,DORSET,Standard,Addition,50.7277120000,-2.7629990000
97500,2002-07-31 00:00:00Z,DT6 5QP,Terraced,Established,Freehold,45,,ALEXANDRA COURT,BRIDPORT,BRIDPORT,WEST DORSET,DORSET,Standard,Addition,50.7277120000,-2.7629990000
180000,2002-05-31 00:00:00Z,DT6 5AU,Detached,Established,Freehold,23,,JOURNEYS END,BRIDPORT,BRIDPORT,WEST DORSET,DORSET,Standard,Addition,50.7298280000,-2.7665890000
111000,2002-04-29 00:00:00Z,DT6 5AY,Detached,Established,Freehold,6,,PRINCESS ROAD,BRIDPORT,BRIDPORT,WEST DORSET,DORSET,Standard,Addition,50.7292140000,-2.7628950000
79950,2002-08-22 00:00:00Z,DT6 5QP,Flats/Maisonettes,Established,Leasehold,44,,ALEXANDRA COURT,BRIDPORT,BRIDPORT,WEST DORSET,DORSET,Standard,Addition,50.7277120000,-2.7629990000
180000,2002-06-10 00:00:00Z,DT6 5BA,Detached,Established,Freehold,25,,ELIZABETH AVENUE,BRIDPORT,BRIDPORT,WEST DORSET,DORSET,Standard,Addition,50.7274240000,-2.7657140000
90000,2002-12-04 00:00:00Z,DT6 5QP,Flats/Maisonettes,Established,Leasehold,12,,ALEXANDRA COURT,BRIDPORT,BRIDPORT,WEST DORSET,DORSET,Standard,Addition,50.7277120000,-2.7629990000
68000,2002-03-01 00:00:00Z,DT6 5QP,Flats/Maisonettes,Established,Leasehold,14,,ALEXANDRA COURT,BRIDPORT,BRIDPORT,WEST DORSET,DORSET,Standard,Addition,50.7277120000,-2.7629990000
185000,2003-08-27 00:00:00Z,DT6 5LA,Detached,Established,Freehold,THE GATEHOUSE,,SKILLING HILL ROAD,BRIDPORT,BRIDPORT,WEST DORSET,DORSET,Standard,Addition,50.7269650000,-2.7657210000
185000,2003-11-06 00:00:00Z,DT6 5AT,Detached,Established,Freehold,67,,CORONATION ROAD,BRIDPORT,BRIDPORT,WEST DORSET,DORSET,Standard,Addition,50.7280930000,-2.7652150000
145000,2003-10-24 00:00:00Z,DT6 5AS,Terraced,Established,Freehold,42,,CORONATION ROAD,BRIDPORT,BRIDPORT,WEST DORSET,DORSET,Standard,Addition,50.7293090000,-2.7648100000
127000,2003-01-20 00:00:00Z,DT6 5AU,Terraced,Established,Freehold,6,,JOURNEYS END,BRIDPORT,BRIDPORT,WEST DORSET,DORSET,Standard,Addition,50.7298280000,-2.7665890000
125000,2003-03-07 00:00:00Z,DT6 5BE,Terraced,Established,Freehold,13,,VEARSE CLOSE,BRIDPORT,BRIDPORT,WEST DORSET,DORSET,Standard,Addition,50.7281260000,-2.7665060000
90000,2003-08-21 00:00:00Z,DT6 5AL,Detached,Established,Freehold,58,,ALEXANDRA ROAD,BRIDPORT,BRIDPORT,WEST DORSET,DORSET,Standard,Addition,50.7281470000,-2.7638270000
438000,2003-06-27 00:00:00Z,DT6 5LA,Detached,New Build,Freehold,THE SKILLING,,SKILLING HILL ROAD,BRIDPORT,BRIDPORT,WEST DORSET,DORSET,Standard,Addition,50.7269650000,-2.7657210000
108000,2003-08-08 00:00:00Z,DT6 5QP,Flats/Maisonettes,Established,Leasehold,15,,ALEXANDRA COURT,BRIDPORT,BRIDPORT,WEST DORSET,DORSET,Standard,Addition,50.7277120000,-2.7629990000
149000,2003-03-21 00:00:00Z,DT6 5AN,Semi-Detached,Established,Freehold,101,,ALEXANDRA ROAD,BRIDPORT,BRIDPORT,WEST DORSET,DORSET,Standard,Addition,50.7288140000,-2.7632860000
93000,2003-09-19 00:00:00Z,DT6 5AJ,Flats/Maisonettes,Established,Leasehold,56,,ALEXANDRA ROAD,BRIDPORT,BRIDPORT,WEST DORSET,DORSET,Standard,Addition,50.7299710000,-2.7640980000
515000,2003-04-25 00:00:00Z,DT6 5JZ,Detached,Established,Freehold,PENNYFIELDS,,,WATTON,BRIDPORT,WEST DORSET,DORSET,Standard,Addition,50.7248140000,-2.7688030000
190000,2003-06-03 00:00:00Z,DT6 5JZ,Semi-Detached,Established,Freehold,WATTON COTTAGE,1,,WATTON,BRIDPORT,WEST DORSET,DORSET,Standard,Addition,50.7248140000,-2.7688030000
230000,2003-10-17 00:00:00Z,DT6 5BA,Detached,Established,Freehold,17,,ELIZABETH AVENUE,BRIDPORT,BRIDPORT,WEST DORSET,DORSET,Standard,Addition,50.7274240000,-2.7657140000
128500,2003-02-20 00:00:00Z,DT6 5AU,Semi-Detached,Established,Freehold,8,,JOURNEYS END,BRIDPORT,BRIDPORT,WEST DORSET,DORSET,Standard,Addition,50.7298280000,-2.7665890000
130000,2004-07-30 00:00:00Z,DT6 5AU,Terraced,Established,Freehold,15,,JOURNEYS END,BRIDPORT,BRIDPORT,WEST DORSET,DORSET,Standard,Addition,50.7298280000,-2.7665890000
155000,2004-08-26 00:00:00Z,DT6 5AJ,Terraced,Established,Freehold,42,,ALEXANDRA ROAD,BRIDPORT,BRIDPORT,WEST DORSET,DORSET,Standard,Addition,50.7299710000,-2.7640980000
129500,2004-12-15 00:00:00Z,DT6 5QP,Flats/Maisonettes,Established,Freehold,2,,ALEXANDRA COURT,BRIDPORT,BRIDPORT,WEST DORSET,DORSET,Standard,Addition,50.7277120000,-2.7629990000
122500,2004-07-09 00:00:00Z,DT6 5QP,Flats/Maisonettes,Established,Leasehold,40,,ALEXANDRA COURT,BRIDPORT,BRIDPORT,WEST DORSET,DORSET,Standard,Addition,50.7277120000,-2.7629990000
144000,2004-08-26 00:00:00Z,DT6 5AY,Semi-Detached,Established,Freehold,8,,PRINCESS ROAD,BRIDPORT,BRIDPORT,WEST DORSET,DORSET,Standard,Addition,50.7292140000,-2.7628950000
202000,2004-06-25 00:00:00Z,DT6 5NJ,Detached,Established,Freehold,4,,WATTON PARK,BRIDPORT,BRIDPORT,WEST DORSET,DORSET,Standard,Addition,50.7262060000,-2.7647320000
146000,2004-10-18 00:00:00Z,DT6 5AU,Semi-Detached,Established,Freehold,2,,JOURNEYS END,BRIDPORT,BRIDPORT,WEST DORSET,DORSET,Standard,Addition,50.7298280000,-2.7665890000
155000,2004-10-21 00:00:00Z,DT6 5BB,Semi-Detached,Established,Freehold,4,,GALE CRESCENT,BRIDPORT,BRIDPORT,WEST DORSET,DORSET,Standard,Addition,50.7297060000,-2.7644340000
92500,2004-07-30 00:00:00Z,DT6 5QP,Flats/Maisonettes,Established,Leasehold,5,,ALEXANDRA COURT,BRIDPORT,BRIDPORT,WEST DORSET,DORSET,Standard,Addition,50.7277120000,-2.7629990000
114000,2004-06-11 00:00:00Z,DT6 5QP,Flats/Maisonettes,Established,Leasehold,11,,ALEXANDRA COURT,BRIDPORT,BRIDPORT,WEST DORSET,DORSET,Standard,Addition,50.7277120000,-2.7629990000
125000,2004-01-30 00:00:00Z,DT6 5AU,Terraced,Established,Freehold,14,,JOURNEYS END,BRIDPORT,BRIDPORT,WEST DORSET,DORSET,Standard,Addition,50.7298280000,-2.7665890000
120000,2004-12-09 00:00:00Z,DT6 5QP,Flats/Maisonettes,Established,Leasehold,37,,ALEXANDRA COURT,BRIDPORT,BRIDPORT,WEST DORSET,DORSET,Standard,Addition,50.7277120000,-2.7629990000
116500,2004-07-02 00:00:00Z,DT6 5QP,Flats/Maisonettes,Established,Leasehold,14,,ALEXANDRA COURT,BRIDPORT,BRIDPORT,WEST DORSET,DORSET,Standard,Addition,50.7277120000,-2.7629990000
164000,2004-05-28 00:00:00Z,DT6 5BE,Terraced,Established,Freehold,16,,VEARSE CLOSE,BRIDPORT,BRIDPORT,WEST DORSET,DORSET,Standard,Addition,50.7281260000,-2.7665060000
462000,2004-04-05 00:00:00Z,DT6 5LA,Detached,New Build,Freehold,BRITLANDS,2,SKILLING HILL ROAD,BRIDPORT,BRIDPORT,WEST DORSET,DORSET,Standard,Addition,50.7269650000,-2.7657210000
177500,2004-12-15 00:00:00Z,DT6 5BB,Semi-Detached,Established,Freehold,2,,GALE CRESCENT,BRIDPORT,BRIDPORT,WEST DORSET,DORSET,Standard,Addition,50.7297060000,-2.7644340000
135000,2004-07-09 00:00:00Z,DT6 5QP,Flats/Maisonettes,Established,Freehold,22,,ALEXANDRA COURT,BRIDPORT,BRIDPORT,WEST DORSET,DORSET,Standard,Addition,50.7277120000,-2.7629990000
100000,2005-06-09 00:00:00Z,DT6 5AZ,Flats/Maisonettes,Established,Leasehold,41,,PRINCESS ROAD,BRIDPORT,BRIDPORT,WEST DORSET,DORSET,Standard,Addition,50.7299050000,-2.7631760000
119000,2005-12-16 00:00:00Z,DT6 5BD,Flats/Maisonettes,Established,Leasehold,24,,EDGEHILL ROAD,BRIDPORT,BRIDPORT,WEST DORSET,DORSET,Standard,Addition,50.7288400000,-2.7664030000
150500,2005-11-04 00:00:00Z,DT6 5QP,Flats/Maisonettes,Established,Freehold,22,,ALEXANDRA COURT,BRIDPORT,BRIDPORT,WEST DORSET,DORSET,Standard,Addition,50.7277120000,-2.7629990000
126000,2005-05-10 00:00:00Z,DT6 5QP,Flats/Maisonettes,Established,Leasehold,16,,ALEXANDRA COURT,BRIDPORT,BRIDPORT,WEST DORSET,DORSET,Standard,Addition,50.7277120000,-2.7629990000
140000,2005-05-25 00:00:00Z,DT6 5QP,Terraced,Established,Freehold,2,,ALEXANDRA COURT,BRIDPORT,BRIDPORT,WEST DORSET,DORSET,Standard,Addition,50.7277120000,-2.7629990000
165000,2005-06-03 00:00:00Z,DT6 5AT,Semi-Detached,Established,Freehold,64,,CORONATION ROAD,BRIDPORT,BRIDPORT,WEST DORSET,DORSET,Standard,Addition,50.7280930000,-2.7652150000
165000,2005-12-08 00:00:00Z,DT6 5AN,Semi-Detached,Established,Freehold,105,,ALEXANDRA ROAD,BRIDPORT,BRIDPORT,WEST DORSET,DORSET,Standard,Addition,50.7288140000,-2.7632860000
499950,2006-02-14 00:00:00Z,DT6 5LA,Detached,Established,Freehold,BRITLANDS,1,SKILLING HILL ROAD,BRIDPORT,BRIDPORT,WEST DORSET,DORSET,Standard,Addition,50.7269650000,-2.7657210000
171500,2006-04-12 00:00:00Z,DT6 5BB,Semi-Detached,Established,Freehold,18,,GALE CRESCENT,BRIDPORT,BRIDPORT,WEST DORSET,DORSET,Standard,Addition,50.7297060000,-2.7644340000
152000,2006-06-30 00:00:00Z,DT6 5BE,Terraced,Established,Freehold,25,,VEARSE CLOSE,BRIDPORT,BRIDPORT,WEST DORSET,DORSET,Standard,Addition,50.7281260000,-2.7665060000
171500,2006-08-10 00:00:00Z,DT6 5BE,Semi-Detached,Established,Freehold,19,,VEARSE CLOSE,BRIDPORT,BRIDPORT,WEST DORSET,DORSET,Standard,Addition,50.7281260000,-2.7665060000
153000,2006-09-18 00:00:00Z,DT6 5QP,Terraced,Established,Freehold,2,,ALEXANDRA COURT,BRIDPORT,BRIDPORT,WEST DORSET,DORSET,Standard,Addition,50.7277120000,-2.7629990000
249000,2006-08-24 00:00:00Z,DT6 5AL,Detached,Established,Freehold,64,,ALEXANDRA ROAD,BRIDPORT,BRIDPORT,WEST DORSET,DORSET,Standard,Addition,50.7281470000,-2.7638270000
239950,2006-01-25 00:00:00Z,DT6 5BA,Detached,Established,Freehold,31,,ELIZABETH AVENUE,BRIDPORT,BRIDPORT,WEST DORSET,DORSET,Standard,Addition,50.7274240000,-2.7657140000
170000,2006-01-16 00:00:00Z,DT6 5AS,Semi-Detached,Established,Freehold,54,,CORONATION ROAD,BRIDPORT,BRIDPORT,WEST DORSET,DORSET,Standard,Addition,50.7293090000,-2.7648100000
155000,2006-07-28 00:00:00Z,DT6 5AS,Semi-Detached,Established,Freehold,46,,CORONATION ROAD,BRIDPORT,BRIDPORT,WEST DORSET,DORSET,Standard,Addition,50.7293090000,-2.7648100000
525000,2006-08-23 00:00:00Z,DT6 5JZ,Detached,Established,Freehold,PENNYFIELDS,,,WATTON,BRIDPORT,WEST DORSET,DORSET,Standard,Addition,50.7248140000,-2.7688030000
125000,2006-04-24 00:00:00Z,DT6 5QP,Flats/Maisonettes,Established,Leasehold,14,,ALEXANDRA COURT,BRIDPORT,BRIDPORT,WEST DORSET,DORSET,Standard,Addition,50.7277120000,-2.7629990000
198000,2006-07-25 00:00:00Z,DT6 5BE,Semi-Detached,Established,Freehold,7,,VEARSE CLOSE,BRIDPORT,BRIDPORT,WEST DORSET,DORSET,Standard,Addition,50.7281260000,-2.7665060000
270000,2006-02-25 00:00:00Z,DT6 5BA,Detached,Established,Freehold,"WOODPECKERS, 33",,ELIZABETH AVENUE,,BRIDPORT,WEST DORSET,DORSET,Standard,Addition,50.7274240000,-2.7657140000
125000,2006-10-13 00:00:00Z,DT6 5AJ,Flats/Maisonettes,Established,Leasehold,56,,ALEXANDRA ROAD,BRIDPORT,BRIDPORT,WEST DORSET,DORSET,Standard,Addition,50.7299710000,-2.7640980000
265000,2006-12-01 00:00:00Z,DT6 5NJ,Detached,Established,Freehold,22,,WATTON PARK,BRIDPORT,BRIDPORT,WEST DORSET,DORSET,Standard,Addition,50.7262060000,-2.7647320000
124000,2006-03-09 00:00:00Z,DT6 5QP,Flats/Maisonettes,Established,Leasehold,10,,ALEXANDRA COURT,BRIDPORT,BRIDPORT,WEST DORSET,DORSET,Standard,Addition,50.7277120000,-2.7629990000
152500,2006-03-31 00:00:00Z,DT6 5QP,Terraced,Established,Freehold,4,,ALEXANDRA COURT,BRIDPORT,BRIDPORT,WEST DORSET,DORSET,Standard,Addition,50.7277120000,-2.7629990000
116000,2007-05-10 00:00:00Z,DT6 5QP,Flats/Maisonettes,Established,Leasehold,43,,ALEXANDRA COURT,BRIDPORT,BRIDPORT,WEST DORSET,DORSET,Standard,Addition,50.7277120000,-2.7629990000
162000,2007-05-10 00:00:00Z,DT6 5QP,Terraced,Established,Freehold,42,,ALEXANDRA COURT,BRIDPORT,BRIDPORT,WEST DORSET,DORSET,Standard,Addition,50.7277120000,-2.7629990000
325000,2007-09-26 00:00:00Z,DT6 5JZ,Semi-Detached,Established,Freehold,2,,FAGUS COTTAGE,WATTON,BRIDPORT,WEST DORSET,DORSET,Standard,Addition,50.7248140000,-2.7688030000
111000,2007-04-30 00:00:00Z,DT6 5AZ,Flats/Maisonettes,Established,Leasehold,41,,PRINCESS ROAD,BRIDPORT,BRIDPORT,WEST DORSET,DORSET,Standard,Addition,50.7299050000,-2.7631760000
124000,2007-04-19 00:00:00Z,DT6 5QP,Terraced,Established,Leasehold,38,,ALEXANDRA COURT,BRIDPORT,BRIDPORT,WEST DORSET,DORSET,Standard,Addition,50.7277120000,-2.7629990000
250000,2007-11-30 00:00:00Z,DT6 5AT,Detached,Established,Freehold,69,,CORONATION ROAD,BRIDPORT,BRIDPORT,WEST DORSET,DORSET,Standard,Addition,50.7280930000,-2.7652150000
169950,2007-02-20 00:00:00Z,DT6 5AN,Semi-Detached,Established,Freehold,103,,ALEXANDRA ROAD,BRIDPORT,BRIDPORT,WEST DORSET,DORSET,Standard,Addition,50.7288140000,-2.7632860000
125000,2007-08-31 00:00:00Z,DT6 5AX,Flats/Maisonettes,Established,Leasehold,9,,PRINCESS ROAD,BRIDPORT,BRIDPORT,WEST DORSET,DORSET,Standard,Addition,50.7291330000,-2.7642260000
130500,2007-10-18 00:00:00Z,DT6 5QP,Flats/Maisonettes,Established,Leasehold,10,,ALEXANDRA COURT,BRIDPORT,BRIDPORT,WEST DORSET,DORSET,Standard,Addition,50.7277120000,-2.7629990000
189950,2007-01-26 00:00:00Z,DT6 5AT,Semi-Detached,Established,Freehold,64,,CORONATION ROAD,BRIDPORT,BRIDPORT,WEST DORSET,DORSET,Standard,Addition,50.7280930000,-2.7652150000
212500,2007-11-30 00:00:00Z,DT6 5AU,Semi-Detached,Established,Freehold,8,,JOURNEYS END,BRIDPORT,BRIDPORT,WEST DORSET,DORSET,Standard,Addition,50.7298280000,-2.7665890000
207000,2007-05-25 00:00:00Z,DT6 5AN,Semi-Detached,Established,Freehold,107,,ALEXANDRA ROAD,BRIDPORT,BRIDPORT,WEST DORSET,DORSET,Standard,Addition,50.7288140000,-2.7632860000
284000,2007-07-06 00:00:00Z,DT6 5NJ,Detached,Established,Freehold,24,,WATTON PARK,BRIDPORT,BRIDPORT,WEST DORSET,DORSET,Standard,Addition,50.7262060000,-2.7647320000
122500,2007-06-19 00:00:00Z,DT6 5QP,Flats/Maisonettes,Established,Leasehold,18,,ALEXANDRA COURT,BRIDPORT,BRIDPORT,WEST DORSET,DORSET,Standard,Addition,50.7277120000,-2.7629990000
270000,2007-08-14 00:00:00Z,DT6 5LA,Detached,Established,Freehold,THE GATEHOUSE,,SKILLING HILL ROAD,BRIDPORT,BRIDPORT,WEST DORSET,DORSET,Standard,Addition,50.7269650000,-2.7657210000
351500,2007-09-06 00:00:00Z,DT6 5LA,Detached,Established,Freehold,ST CHRISTOPHER,,SKILLING HILL ROAD,BRIDPORT,BRIDPORT,WEST DORSET,DORSET,Standard,Addition,50.7269650000,-2.7657210000
153000,2007-05-04 00:00:00Z,DT6 5AU,Terraced,Established,Freehold,15,,JOURNEYS END,BRIDPORT,BRIDPORT,WEST DORSET,DORSET,Standard,Addition,50.7298280000,-2.7665890000
158000,2007-02-26 00:00:00Z,DT6 5AU,Terraced,Established,Freehold,24,,JOURNEYS END,BRIDPORT,BRIDPORT,WEST DORSET,DORSET,Standard,Addition,50.7298280000,-2.7665890000
177000,2007-07-20 00:00:00Z,DT6 5AY,Semi-Detached,Established,Freehold,10,,PRINCESS ROAD,BRIDPORT,BRIDPORT,WEST DORSET,DORSET,Standard,Addition,50.7292140000,-2.7628950000
165000,2007-10-24 00:00:00Z,DT6 5QP,Terraced,Established,Freehold,26,,ALEXANDRA COURT,BRIDPORT,BRIDPORT,WEST DORSET,DORSET,Standard,Addition,50.7277120000,-2.7629990000
147000,2008-04-10 00:00:00Z,DT6 5QP,Terraced,Established,Freehold,1,,ALEXANDRA COURT,BRIDPORT,BRIDPORT,WEST DORSET,DORSET,Standard,Addition,50.7277120000,-2.7629990000
124950,2008-04-25 00:00:00Z,DT6 5QP,Flats/Maisonettes,Established,Leasehold,16,,ALEXANDRA COURT,BRIDPORT,BRIDPORT,WEST DORSET,DORSET,Standard,Addition,50.7277120000,-2.7629990000
145000,2008-07-21 00:00:00Z,DT6 5BE,Semi-Detached,Established,Freehold,14,,VEARSE CLOSE,BRIDPORT,BRIDPORT,WEST DORSET,DORSET,Standard,Addition,50.7281260000,-2.7665060000
162000,2008-01-23 00:00:00Z,DT6 5QP,Terraced,Established,Freehold,24,,ALEXANDRA COURT,BRIDPORT,BRIDPORT,WEST DORSET,DORSET,Standard,Addition,50.7277120000,-2.7629990000
150000,2008-11-14 00:00:00Z,DT6 5QP,Terraced,Established,Freehold,47,,ALEXANDRA COURT,BRIDPORT,BRIDPORT,WEST DORSET,DORSET,Standard,Addition,50.7277120000,-2.7629990000
114000,2008-04-10 00:00:00Z,DT6 5QP,Flats/Maisonettes,Established,Leasehold,9,,ALEXANDRA COURT,BRIDPORT,BRIDPORT,WEST DORSET,DORSET,Standard,Addition,50.7277120000,-2.7629990000
112000,2008-07-22 00:00:00Z,DT6 5QP,Flats/Maisonettes,Established,Leasehold,5,,ALEXANDRA COURT,BRIDPORT,BRIDPORT,WEST DORSET,DORSET,Standard,Addition,50.7277120000,-2.7629990000
440000,2008-09-19 00:00:00Z,DT6 5JZ,Detached,Established,Freehold,WATTON HOUSE DAIRY,,,WATTON,BRIDPORT,WEST DORSET,DORSET,Standard,Addition,50.7248140000,-2.7688030000
199000,2008-06-06 00:00:00Z,DT6 5AU,Terraced,Established,Freehold,6,,JOURNEYS END,BRIDPORT,BRIDPORT,WEST DORSET,DORSET,Standard,Addition,50.7298280000,-2.7665890000
105000,2009-11-11 00:00:00Z,DT6 5QP,Flats/Maisonettes,Established,Leasehold,21,,ALEXANDRA COURT,,BRIDPORT,WEST DORSET,DORSET,Standard,Addition,50.7277120000,-2.7629990000
120000,2009-12-16 00:00:00Z,DT6 5AX,Flats/Maisonettes,Established,Leasehold,9,,PRINCESS ROAD,,BRIDPORT,WEST DORSET,DORSET,Standard,Addition,50.7291330000,-2.7642260000
120000,2009-02-12 00:00:00Z,DT6 5BE,Terraced,Established,Freehold,10,,VEARSE CLOSE,BRIDPORT,BRIDPORT,WEST DORSET,DORSET,Standard,Addition,50.7281260000,-2.7665060000
116000,2009-10-23 00:00:00Z,DT6 5AJ,Flats/Maisonettes,Established,Leasehold,56,,ALEXANDRA ROAD,,BRIDPORT,WEST DORSET,DORSET,Standard,Addition,50.7299710000,-2.7640980000
97000,2009-05-18 00:00:00Z,DT6 5QP,Flats/Maisonettes,Established,Leasehold,33,,ALEXANDRA COURT,,BRIDPORT,WEST DORSET,DORSET,Standard,Addition,50.7277120000,-2.7629990000
100000,2009-09-25 00:00:00Z,DT6 5AJ,Flats/Maisonettes,Established,Leasehold,54,,ALEXANDRA ROAD,,BRIDPORT,WEST DORSET,DORSET,Standard,Addition,50.7299710000,-2.7640980000
273000,2009-06-25 00:00:00Z,DT6 5BA,Detached,Established,Freehold,"WOODPECKERS, 33",,ELIZABETH AVENUE,,BRIDPORT,WEST DORSET,DORSET,Standard,Addition,50.7274240000,-2.7657140000
240000,2009-08-21 00:00:00Z,DT6 5NJ,Detached,Established,Freehold,28,,WATTON PARK,,BRIDPORT,WEST DORSET,DORSET,Standard,Addition,50.7262060000,-2.7647320000
196000,2009-08-21 00:00:00Z,DT6 5AN,Semi-Detached,Established,Freehold,111,,ALEXANDRA ROAD,,BRIDPORT,WEST DORSET,DORSET,Standard,Addition,50.7288140000,-2.7632860000
195000,2009-10-09 00:00:00Z,DT6 5AU,Semi-Detached,Established,Freehold,1,,JOURNEYS END,,BRIDPORT,WEST DORSET,DORSET,Standard,Addition,50.7298280000,-2.7665890000
124000,2009-10-16 00:00:00Z,DT6 5QP,Flats/Maisonettes,Established,Leasehold,37,,ALEXANDRA COURT,,BRIDPORT,WEST DORSET,DORSET,Standard,Addition,50.7277120000,-2.7629990000
162500,2009-02-03 00:00:00Z,DT6 5AS,Semi-Detached,Established,Freehold,46,,CORONATION ROAD,BRIDPORT,BRIDPORT,WEST DORSET,DORSET,Standard,Addition,50.7293090000,-2.7648100000
180000,2009-04-09 00:00:00Z,DT6 5AY,Semi-Detached,Established,Freehold,8,,PRINCESS ROAD,,BRIDPORT,WEST DORSET,DORSET,Standard,Addition,50.7292140000,-2.7628950000
250000,2010-05-28 00:00:00Z,DT6 5AX,Detached,Established,Freehold,2,,PRINCESS ROAD,,BRIDPORT,WEST DORSET,DORSET,Standard,Addition,50.7291330000,-2.7642260000
275000,2010-08-05 00:00:00Z,DT6 5BA,Detached,Established,Freehold,1,,ELIZABETH AVENUE,,BRIDPORT,WEST DORSET,DORSET,Standard,Addition,50.7274240000,-2.7657140000
155000,2010-08-24 00:00:00Z,DT6 5QP,Terraced,Established,Freehold,1,,ALEXANDRA COURT,,BRIDPORT,WEST DORSET,DORSET,Standard,Addition,50.7277120000,-2.7629990000
160000,2010-04-19 00:00:00Z,DT6 5BE,Terraced,Established,Freehold,11,,VEARSE CLOSE,,BRIDPORT,WEST DORSET,DORSET,Standard,Addition,50.7281260000,-2.7665060000
130000,2010-03-12 00:00:00Z,DT6 5QP,Flats/Maisonettes,Established,Leasehold,14,,ALEXANDRA COURT,,BRIDPORT,WEST DORSET,DORSET,Standard,Addition,50.7277120000,-2.7629990000
182000,2010-09-09 00:00:00Z,DT6 5AN,Semi-Detached,Established,Freehold,101,,ALEXANDRA ROAD,,BRIDPORT,WEST DORSET,DORSET,Standard,Addition,50.7288140000,-2.7632860000
191500,2010-11-30 00:00:00Z,DT6 5AN,Semi-Detached,Established,Freehold,105,,ALEXANDRA ROAD,,BRIDPORT,WEST DORSET,DORSET,Standard,Addition,50.7288140000,-2.7632860000
272000,2010-12-14 00:00:00Z,DT6 5AT,Detached,Established,Freehold,73,,CORONATION ROAD,,BRIDPORT,WEST DORSET,DORSET,Standard,Addition,50.7280930000,-2.7652150000
167000,2010-04-30 00:00:00Z,DT6 5QP,Terraced,Established,Freehold,24,,ALEXANDRA COURT,,BRIDPORT,WEST DORSET,DORSET,Standard,Addition,50.7277120000,-2.7629990000
178000,2011-09-21 00:00:00Z,DT6 5AU,Semi-Detached,Established,Freehold,12,,JOURNEYS END,,BRIDPORT,WEST DORSET,DORSET,Standard,Addition,50.7298280000,-2.7665890000
198000,2011-10-21 00:00:00Z,DT6 5NJ,Semi-Detached,Established,Freehold,7,,WATTON PARK,,BRIDPORT,WEST DORSET,DORSET,Standard,Addition,50.7262060000,-2.7647320000
118000,2011-05-27 00:00:00Z,DT6 5QP,Flats/Maisonettes,Established,Leasehold,10,,ALEXANDRA COURT,,BRIDPORT,WEST DORSET,DORSET,Standard,Addition,50.7277120000,-2.7629990000
190000,2011-05-27 00:00:00Z,DT6 5AS,Semi-Detached,Established,Freehold,56,,CORONATION ROAD,,BRIDPORT,WEST DORSET,DORSET,Standard,Addition,50.7293090000,-2.7648100000
108750,2011-08-15 00:00:00Z,DT6 5QP,Flats/Maisonettes,Established,Leasehold,35,,ALEXANDRA COURT,,BRIDPORT,WEST DORSET,DORSET,Standard,Addition,50.7277120000,-2.7629990000
160000,2011-08-24 00:00:00Z,DT6 5AU,Semi-Detached,Established,Freehold,3,,JOURNEYS END,,BRIDPORT,WEST DORSET,DORSET,Standard,Addition,50.7298280000,-2.7665890000
162500,2011-06-10 00:00:00Z,DT6 5BD,Terraced,Established,Freehold,1,,EDGEHILL ROAD,,BRIDPORT,WEST DORSET,DORSET,Standard,Addition,50.7288400000,-2.7664030000
110200,2011-08-24 00:00:00Z,DT6 5AS,Flats/Maisonettes,Established,Leasehold,51,,CORONATION ROAD,,BRIDPORT,WEST DORSET,DORSET,Standard,Addition,50.7293090000,-2.7648100000
160000,2011-08-12 00:00:00Z,DT6 5AU,Semi-Detached,Established,Freehold,19,,JOURNEYS END,,BRIDPORT,WEST DORSET,DORSET,Standard,Addition,50.7298280000,-2.7665890000
215000,2011-04-27 00:00:00Z,DT6 5AT,Detached,Established,Freehold,72,,CORONATION ROAD,,BRIDPORT,WEST DORSET,DORSET,Standard,Addition,50.7280930000,-2.7652150000
125000,2011-03-18 00:00:00Z,DT6 5AS,Flats/Maisonettes,Established,Leasehold,41,,CORONATION ROAD,,BRIDPORT,WEST DORSET,DORSET,Standard,Addition,50.7293090000,-2.7648100000
232000,2012-08-31 00:00:00Z,DT6 5AS,Semi-Detached,Established,Freehold,48,,CORONATION ROAD,,BRIDPORT,WEST DORSET,DORSET,Standard,Addition,50.7293090000,-2.7648100000
155000,2012-11-16 00:00:00Z,DT6 5BB,Semi-Detached,Established,Freehold,4,,GALE CRESCENT,,BRIDPORT,WEST DORSET,DORSET,Standard,Addition,50.7297060000,-2.7644340000
135000,2012-12-19 00:00:00Z,DT6 5BD,Terraced,Established,Freehold,13,,EDGEHILL ROAD,,BRIDPORT,WEST DORSET,DORSET,Standard,Addition,50.7288400000,-2.7664030000
250000,2012-06-11 00:00:00Z,DT6 5AL,Detached,Established,Freehold,62,,ALEXANDRA ROAD,,BRIDPORT,WEST DORSET,DORSET,Standard,Addition,50.7281470000,-2.7638270000
250000,2012-08-29 00:00:00Z,DT6 5AL,Detached,Established,Freehold,78,,ALEXANDRA ROAD,,BRIDPORT,WEST DORSET,DORSET,Standard,Addition,50.7281470000,-2.7638270000
325000,2012-08-29 00:00:00Z,DT6 5NJ,Detached,Established,Freehold,28,,WATTON PARK,,BRIDPORT,WEST DORSET,DORSET,Standard,Addition,50.7262060000,-2.7647320000
167950,2012-08-15 00:00:00Z,DT6 5AS,Terraced,Established,Freehold,44,,CORONATION ROAD,,BRIDPORT,WEST DORSET,DORSET,Standard,Addition,50.7293090000,-2.7648100000
162000,2013-12-19 00:00:00Z,DT6 5QP,Terraced,Established,Freehold,1,,ALEXANDRA COURT,,BRIDPORT,WEST DORSET,DORSET,Standard,Addition,50.7277120000,-2.7629990000
250000,2013-10-04 00:00:00Z,DT6 5BA,Detached,Established,Freehold,6,,ELIZABETH AVENUE,,BRIDPORT,WEST DORSET,DORSET,Standard,Addition,50.7274240000,-2.7657140000
155000,2013-02-27 00:00:00Z,DT6 5AU,Terraced,Established,Freehold,15,,JOURNEYS END,,BRIDPORT,WEST DORSET,DORSET,Standard,Addition,50.7298280000,-2.7665890000
143000,2013-09-06 00:00:00Z,DT6 5BE,Terraced,Established,Freehold,12,,VEARSE CLOSE,,BRIDPORT,WEST DORSET,DORSET,Standard,Addition,50.7281260000,-2.7665060000
60000,2013-04-02 00:00:00Z,DT6 5AJ,Semi-Detached,Established,Freehold,46,,ALEXANDRA ROAD,,BRIDPORT,WEST DORSET,DORSET,Standard,Addition,50.7299710000,-2.7640980000
165000,2013-12-10 00:00:00Z,DT6 5BD,Terraced,Established,Freehold,23,,EDGEHILL ROAD,,BRIDPORT,WEST DORSET,DORSET,Standard,Addition,50.7288400000,-2.7664030000
186000,2013-11-14 00:00:00Z,DT6 5AN,Semi-Detached,Established,Freehold,101,,ALEXANDRA ROAD,,BRIDPORT,WEST DORSET,DORSET,Standard,Addition,50.7288140000,-2.7632860000
159500,2013-12-03 00:00:00Z,DT6 5QP,Terraced,Established,Freehold,47,,ALEXANDRA COURT,,BRIDPORT,WEST DORSET,DORSET,Standard,Addition,50.7277120000,-2.7629990000
150000,2013-03-21 00:00:00Z,DT6 5BB,Terraced,Established,Freehold,14,,GALE CRESCENT,,BRIDPORT,WEST DORSET,DORSET,Standard,Addition,50.7297060000,-2.7644340000
178500,2014-06-11 00:00:00Z,DT6 5AJ,Terraced,Established,Freehold,46,,ALEXANDRA ROAD,,BRIDPORT,WEST DORSET,DORSET,Standard,Addition,50.7299710000,-2.7640980000
100000,2014-05-21 00:00:00Z,DT6 5AX,Flats/Maisonettes,Established,Leasehold,19,,PRINCESS ROAD,,BRIDPORT,WEST DORSET,DORSET,Standard,Addition,50.7291330000,-2.7642260000
240000,2014-04-11 00:00:00Z,DT6 5LB,Detached,Established,Freehold,PORTMEAD,,WEST BAY FIELDS,,BRIDPORT,WEST DORSET,DORSET,Standard,Addition,50.7241060000,-2.7639890000
115000,2014-05-09 00:00:00Z,DT6 5QP,Flats/Maisonettes,Established,Leasehold,15,,ALEXANDRA COURT,,BRIDPORT,WEST DORSET,DORSET,Standard,Addition,50.7277120000,-2.7629990000
123000,2014-06-13 00:00:00Z,DT6 5QP,Flats/Maisonettes,Established,Leasehold,10,,ALEXANDRA COURT,,BRIDPORT,WEST DORSET,DORSET,Standard,Addition,50.7277120000,-2.7629990000
118000,2014-06-03 00:00:00Z,DT6 5AJ,Flats/Maisonettes,Established,Leasehold,56,,ALEXANDRA ROAD,,BRIDPORT,WEST DORSET,DORSET,Standard,Addition,50.7299710000,-2.7640980000
123000,2014-10-01 00:00:00Z,DT6 5QP,Flats/Maisonettes,Established,Leasehold,41,,ALEXANDRA COURT,,BRIDPORT,WEST DORSET,DORSET,Additional,Addition,50.7277120000,-2.7629990000
160000,2014-06-14 00:00:00Z,DT6 5QP,Terraced,Established,Freehold,42,,ALEXANDRA COURT,,BRIDPORT,WEST DORSET,DORSET,Standard,Addition,50.7277120000,-2.7629990000
172500,2014-08-27 00:00:00Z,DT6 5BB,Semi-Detached,Established,Freehold,2,,GALE CRESCENT,,BRIDPORT,WEST DORSET,DORSET,Standard,Addition,50.7297060000,-2.7644340000
106000,2014-07-11 00:00:00Z,DT6 5QP,Flats/Maisonettes,Established,Leasehold,34,,ALEXANDRA COURT,,BRIDPORT,WEST DORSET,DORSET,Standard,Addition,50.7277120000,-2.7629990000
200000,2014-09-05 00:00:00Z,DT6 5AY,Semi-Detached,Established,Freehold,10,,PRINCESS ROAD,,BRIDPORT,WEST DORSET,DORSET,Additional,Addition,50.7292140000,-2.7628950000
275000,2014-04-22 00:00:00Z,DT6 5BA,Detached,Established,Freehold,3,,ELIZABETH AVENUE,,BRIDPORT,WEST DORSET,DORSET,Standard,Addition,50.7274240000,-2.7657140000
165000,2014-11-27 00:00:00Z,DT6 5BE,Semi-Detached,Established,Freehold,14,,VEARSE CLOSE,,BRIDPORT,WEST DORSET,DORSET,Standard,Addition,50.7281260000,-2.7665060000
340000,2014-07-11 00:00:00Z,DT6 5LA,Detached,Established,Freehold,THE GATEHOUSE,,SKILLING HILL ROAD,,BRIDPORT,WEST DORSET,DORSET,Standard,Addition,50.7269650000,-2.7657210000
270000,2014-12-17 00:00:00Z,DT6 5NJ,Detached,Established,Freehold,18,,WATTON PARK,,BRIDPORT,WEST DORSET,DORSET,Standard,Addition,50.7262060000,-2.7647320000
110000,2014-02-14 00:00:00Z,DT6 5QP,Flats/Maisonettes,Established,Leasehold,30,,ALEXANDRA COURT,,BRIDPORT,WEST DORSET,DORSET,Standard,Addition,50.7277120000,-2.7629990000
125000,2014-08-15 00:00:00Z,DT6 5QP,Flats/Maisonettes,Established,Leasehold,35,,ALEXANDRA COURT,,BRIDPORT,WEST DORSET,DORSET,Additional,Addition,50.7277120000,-2.7629990000
242000,2014-10-02 00:00:00Z,DT6 5NJ,Detached,Established,Freehold,20,,WATTON PARK,,BRIDPORT,WEST DORSET,DORSET,Standard,Addition,50.7262060000,-2.7647320000
200000,2015-09-24 00:00:00Z,DT6 5BE,Terraced,Established,Freehold,22,,VEARSE CLOSE,,BRIDPORT,WEST DORSET,DORSET,Standard,Addition,50.7281260000,-2.7665060000
225000,2015-04-08 00:00:00Z,DT6 5NJ,Semi-Detached,Established,Freehold,7,,WATTON PARK,,BRIDPORT,WEST DORSET,DORSET,Additional,Addition,50.7262060000,-2.7647320000
182000,2015-05-01 00:00:00Z,DT6 5AS,Terraced,Established,Freehold,34,,CORONATION ROAD,,BRIDPORT,WEST DORSET,DORSET,Standard,Addition,50.7293090000,-2.7648100000
152000,2015-12-18 00:00:00Z,DT6 5QP,Terraced,Established,Freehold,23,,ALEXANDRA COURT,,BRIDPORT,WEST DORSET,DORSET,Standard,Addition,50.7277120000,-2.7629990000
124000,2015-02-02 00:00:00Z,DT6 5QP,Flats/Maisonettes,Established,Leasehold,37,,ALEXANDRA COURT,,BRIDPORT,WEST DORSET,DORSET,Standard,Addition,50.7277120000,-2.7629990000
270000,2015-08-05 00:00:00Z,DT6 5NJ,Semi-Detached,Established,Freehold,8,,WATTON PARK,,BRIDPORT,WEST DORSET,DORSET,Standard,Addition,50.7262060000,-2.7647320000
165000,2015-01-23 00:00:00Z,DT6 5AU,Terraced,Established,Freehold,15,,JOURNEYS END,,BRIDPORT,WEST DORSET,DORSET,Standard,Addition,50.7298280000,-2.7665890000
196000,2015-07-15 00:00:00Z,DT6 5AJ,Terraced,Established,Freehold,40,,ALEXANDRA ROAD,,BRIDPORT,WEST DORSET,DORSET,Standard,Addition,50.7299710000,-2.7640980000
128000,2015-09-30 00:00:00Z,DT6 5QP,Flats/Maisonettes,Established,Leasehold,34,,ALEXANDRA COURT,,BRIDPORT,WEST DORSET,DORSET,Standard,Addition,50.7277120000,-2.7629990000
270000,2015-11-19 00:00:00Z,DT6 5BA,Detached,Established,Freehold,1,,ELIZABETH AVENUE,,BRIDPORT,WEST DORSET,DORSET,Standard,Addition,50.7274240000,-2.7657140000
153000,2015-01-05 00:00:00Z,DT6 5QP,Terraced,Established,Freehold,2,,ALEXANDRA COURT,,BRIDPORT,WEST DORSET,DORSET,Standard,Addition,50.7277120000,-2.7629990000
230000,2015-10-28 00:00:00Z,DT6 5AL,Detached,Established,Freehold,70,,ALEXANDRA ROAD,,BRIDPORT,WEST DORSET,DORSET,Standard,Addition,50.7281470000,-2.7638270000
158000,2015-10-16 00:00:00Z,DT6 5QP,Terraced,Established,Freehold,46,,ALEXANDRA COURT,,BRIDPORT,WEST DORSET,DORSET,Standard,Addition,50.7277120000,-2.7629990000
319950,2016-03-02 00:00:00Z,DT6 5AU,Detached,Established,Freehold,23,,JOURNEYS END,,BRIDPORT,WEST DORSET,DORSET,Standard,Addition,50.7298280000,-2.7665890000
259500,2016-11-11 00:00:00Z,DT6 5AL,Detached,Established,Freehold,68,,ALEXANDRA ROAD,,BRIDPORT,WEST DORSET,DORSET,Standard,Addition,50.7281470000,-2.7638270000
86000,2016-07-12 00:00:00Z,DT6 5AZ,Flats/Maisonettes,Established,Leasehold,41,,PRINCESS ROAD,,BRIDPORT,WEST DORSET,DORSET,Standard,Addition,50.7299050000,-2.7631760000
210000,2016-04-14 00:00:00Z,DT6 5BE,Terraced,Established,Freehold,18,,VEARSE CLOSE,,BRIDPORT,WEST DORSET,DORSET,Standard,Addition,50.7281260000,-2.7665060000
230000,2016-11-18 00:00:00Z,DT6 5AS,Semi-Detached,Established,Freehold,54,,CORONATION ROAD,,BRIDPORT,WEST DORSET,DORSET,Standard,Addition,50.7293090000,-2.7648100000
174000,2016-08-19 00:00:00Z,DT6 5AU,Terraced,Established,Freehold,13,,JOURNEYS END,,BRIDPORT,WEST DORSET,DORSET,Standard,Addition,50.7298280000,-2.7665890000
345000,2016-10-12 00:00:00Z,DT6 5NJ,Detached,Established,Freehold,14,,WATTON PARK,,BRIDPORT,WEST DORSET,DORSET,Standard,Addition,50.7262060000,-2.7647320000
325000,2016-09-28 00:00:00Z,DT6 5AL,Detached,Established,Freehold,60,,ALEXANDRA ROAD,,BRIDPORT,WEST DORSET,DORSET,Standard,Addition,50.7281470000,-2.7638270000
730000,2016-12-08 00:00:00Z,DT6 5JZ,Detached,Established,Freehold,PENNYFIELDS,,,WATTON,BRIDPORT,WEST DORSET,DORSET,Standard,Addition,50.7248140000,-2.7688030000
125000,2016-02-26 00:00:00Z,DT6 5QP,Flats/Maisonettes,Established,Leasehold,9,,ALEXANDRA COURT,,BRIDPORT,WEST DORSET,DORSET,Standard,Addition,50.7277120000,-2.7629990000
222000,2016-08-26 00:00:00Z,DT6 5BE,Terraced,Established,Freehold,19,,VEARSE CLOSE,,BRIDPORT,WEST DORSET,DORSET,Standard,Addition,50.7281260000,-2.7665060000
325000,2017-12-01 00:00:00Z,DT6 5NJ,Detached,Established,Freehold,32,,WATTON PARK,,BRIDPORT,WEST DORSET,DORSET,Standard,Addition,50.7262060000,-2.7647320000
77500,2017-12-11 00:00:00Z,DT6 5AZ,Flats/Maisonettes,Established,Leasehold,85,,PRINCESS ROAD,,BRIDPORT,WEST DORSET,DORSET,Standard,Addition,50.7299050000,-2.7631760000
180000,2017-09-29 00:00:00Z,DT6 5QP,Terraced,Established,Freehold,1,,ALEXANDRA COURT,,BRIDPORT,WEST DORSET,DORSET,Standard,Addition,50.7277120000,-2.7629990000
305000,2017-09-19 00:00:00Z,DT6 5AT,Detached,Established,Freehold,68,,CORONATION ROAD,,BRIDPORT,WEST DORSET,DORSET,Standard,Addition,50.7280930000,-2.7652150000
210000,2017-08-18 00:00:00Z,DT6 5BE,Terraced,Established,Freehold,12,,VEARSE CLOSE,,BRIDPORT,WEST DORSET,DORSET,Standard,Addition,50.7281260000,-2.7665060000
368000,2017-01-27 00:00:00Z,DT6 5NJ,Detached,Established,Freehold,34,,WATTON PARK,,BRIDPORT,WEST DORSET,DORSET,Standard,Addition,50.7262060000,-2.7647320000
320000,2017-03-07 00:00:00Z,DT6 5NJ,Detached,Established,Freehold,10,,WATTON PARK,,BRIDPORT,WEST DORSET,DORSET,Standard,Addition,50.7262060000,-2.7647320000
215000,2017-06-30 00:00:00Z,DT6 5AN,Semi-Detached,Established,Freehold,111,,ALEXANDRA ROAD,,BRIDPORT,WEST DORSET,DORSET,Standard,Addition,50.7288140000,-2.7632860000
280000,2017-06-12 00:00:00Z,DT6 5NJ,Semi-Detached,Established,Freehold,5,,WATTON PARK,,BRIDPORT,WEST DORSET,DORSET,Additional,Addition,50.7262060000,-2.7647320000
205000,2017-01-06 00:00:00Z,DT6 5AS,Semi-Detached,Established,Freehold,46,,CORONATION ROAD,,BRIDPORT,WEST DORSET,DORSET,Standard,Addition,50.7293090000,-2.7648100000
182000,2018-10-19 00:00:00Z,DT6 5QP,Terraced,Established,Freehold,42,,ALEXANDRA COURT,,BRIDPORT,WEST DORSET,DORSET,Standard,Addition,50.7277120000,-2.7629990000
230000,2018-01-25 00:00:00Z,DT6 5BE,Semi-Detached,Established,Freehold,14,,VEARSE CLOSE,,BRIDPORT,WEST DORSET,DORSET,Standard,Addition,50.7281260000,-2.7665060000
400000,2018-10-01 00:00:00Z,DT6 5NJ,Detached,Established,Freehold,9,,WATTON PARK,,BRIDPORT,WEST DORSET,DORSET,Additional,Addition,50.7262060000,-2.7647320000
365000,2018-07-30 00:00:00Z,DT6 5AT,Detached,Established,Freehold,65,,CORONATION ROAD,,BRIDPORT,WEST DORSET,DORSET,Standard,Addition,50.7280930000,-2.7652150000
363000,2018-07-10 00:00:00Z,DT6 5BA,Detached,Established,Freehold,9,,ELIZABETH AVENUE,,BRIDPORT,WEST DORSET,DORSET,Standard,Addition,50.7274240000,-2.7657140000
365000,2018-10-22 00:00:00Z,DT6 5BA,Detached,Established,Freehold,19,,ELIZABETH AVENUE,,BRIDPORT,WEST DORSET,DORSET,Standard,Addition,50.7274240000,-2.7657140000
304000,2018-12-05 00:00:00Z,DT6 5NJ,Detached,Established,Freehold,12,,WATTON PARK,,BRIDPORT,WEST DORSET,DORSET,Standard,Addition,50.7262060000,-2.7647320000
655000,2018-09-05 00:00:00Z,DT6 5LA,Detached,Established,Freehold,THE SKILLING,,SKILLING HILL ROAD,,BRIDPORT,WEST DORSET,DORSET,Standard,Addition,50.7269650000,-2.7657210000
650000,2018-12-18 00:00:00Z,DT6 5LA,Detached,Established,Freehold,BRITLANDS,1,SKILLING HILL ROAD,,BRIDPORT,WEST DORSET,DORSET,Standard,Addition,50.7269650000,-2.7657210000
652500,2018-06-04 00:00:00Z,DT6 5LA,Detached,Established,Freehold,BRITLANDS,2,SKILLING HILL ROAD,,BRIDPORT,WEST DORSET,DORSET,Standard,Addition,50.7269650000,-2.7657210000
140000,2018-05-11 00:00:00Z,DT6 5AS,Flats/Maisonettes,Established,Leasehold,29,,CORONATION ROAD,,BRIDPORT,WEST DORSET,DORSET,Standard,Addition,50.7293090000,-2.7648100000
190000,2018-03-05 00:00:00Z,DT6 5AJ,Semi-Detached,Established,Freehold,48,,ALEXANDRA ROAD,,BRIDPORT,WEST DORSET,DORSET,Standard,Addition,50.7299710000,-2.7640980000
275000,2018-03-16 00:00:00Z,DT6 5NJ,Detached,Established,Freehold,36,,WATTON PARK,,BRIDPORT,WEST DORSET,DORSET,Standard,Addition,50.7262060000,-2.7647320000
297500,2018-02-07 00:00:00Z,DT6 5NJ,Semi-Detached,Established,Freehold,8,,WATTON PARK,,BRIDPORT,WEST DORSET,DORSET,Standard,Addition,50.7262060000,-2.7647320000
180000,2018-09-21 00:00:00Z,DT6 5BB,Terraced,Established,Freehold,14,,GALE CRESCENT,,BRIDPORT,WEST DORSET,DORSET,Standard,Addition,50.7297060000,-2.7644340000
810000,2018-09-14 00:00:00Z,DT6 5JZ,Detached,Established,Freehold,THE BARN,,,WATTON,BRIDPORT,DORSET,DORSET,Standard,Addition,50.7248140000,-2.7688030000
173000,2018-09-07 00:00:00Z,DT6 5QP,Terraced,Established,Freehold,46,,ALEXANDRA COURT,,BRIDPORT,WEST DORSET,DORSET,Standard,Addition,50.7277120000,-2.7629990000
250000,2018-04-18 00:00:00Z,DT6 5NJ,Detached,Established,Freehold,3,,WATTON PARK,,BRIDPORT,WEST DORSET,DORSET,Standard,Addition,50.7262060000,-2.7647320000
128000,2018-11-23 00:00:00Z,DT6 5QP,Flats/Maisonettes,Established,Leasehold,37,,ALEXANDRA COURT,,BRIDPORT,WEST DORSET,DORSET,Standard,Addition,50.7277120000,-2.7629990000
115000,2018-04-04 00:00:00Z,DT6 5QP,Flats/Maisonettes,Established,Leasehold,40,,ALEXANDRA COURT,,BRIDPORT,WEST DORSET,DORSET,Standard,Addition,50.7277120000,-2.7629990000
175000,2019-03-08 00:00:00Z,DT6 5QP,Terraced,Established,Freehold,45,,ALEXANDRA COURT,,BRIDPORT,WEST DORSET,DORSET,Standard,Addition,50.7277120000,-2.7629990000
220000,2019-08-07 00:00:00Z,DT6 5BE,Terraced,Established,Freehold,18,,VEARSE CLOSE,,BRIDPORT,DORSET,DORSET,Standard,Addition,50.7281260000,-2.7665060000
220000,2019-02-08 00:00:00Z,DT6 5AS,Terraced,Established,Freehold,44,,CORONATION ROAD,,BRIDPORT,WEST DORSET,DORSET,Standard,Addition,50.7293090000,-2.7648100000
275000,2019-01-30 00:00:00Z,DT6 5AN,Semi-Detached,Established,Freehold,103,,ALEXANDRA ROAD,,BRIDPORT,WEST DORSET,DORSET,Standard,Addition,50.7288140000,-2.7632860000
131000,2019-05-31 00:00:00Z,DT6 5QP,Flats/Maisonettes,Established,Leasehold,14,,ALEXANDRA COURT,,BRIDPORT,DORSET,DORSET,Standard,Addition,50.7277120000,-2.7629990000
349995,2020-11-26 00:00:00Z,DT6 5NJ,Detached,New Build,Freehold,21,,WATTON PARK,,BRIDPORT,DORSET,DORSET,Standard,Addition,50.7262060000,-2.7647320000
152000,2020-07-01 00:00:00Z,DT6 5AX,Semi-Detached,Established,Leasehold,15,,PRINCESS ROAD,,BRIDPORT,DORSET,DORSET,Standard,Addition,50.7291330000,-2.7642260000
237500,2020-12-23 00:00:00Z,DT6 5BE,Terraced,Established,Freehold,13,,VEARSE CLOSE,,BRIDPORT,DORSET,DORSET,Standard,Addition,50.7281260000,-2.7665060000
398500,2020-11-12 00:00:00Z,DT6 5JZ,Semi-Detached,Established,Freehold,WATTON COTTAGE,1,,WATTON,BRIDPORT,DORSET,DORSET,Standard,Addition,50.7248140000,-2.7688030000
225000,2020-10-02 00:00:00Z,DT6 5BE,Terraced,Established,Freehold,24,,VEARSE CLOSE,,BRIDPORT,DORSET,DORSET,Standard,Addition,50.7281260000,-2.7665060000
695000,2020-08-26 00:00:00Z,DT6 5JZ,Detached,Established,Freehold,WATTON HOUSE FARM,,,WATTON,BRIDPORT,DORSET,DORSET,Standard,Addition,50.7248140000,-2.7688030000
660000,2020-10-07 00:00:00Z,DT6 5JZ,Detached,Established,Freehold,MELBURY,,,WATTON,BRIDPORT,DORSET,DORSET,Standard,Addition,50.7248140000,-2.7688030000
305000,2020-12-03 00:00:00Z,DT6 5BA,Detached,Established,Freehold,31,,ELIZABETH AVENUE,,BRIDPORT,DORSET,DORSET,Standard,Addition,50.7274240000,-2.7657140000
217500,2020-04-23 00:00:00Z,DT6 5BE,Terraced,Established,Freehold,10,,VEARSE CLOSE,,BRIDPORT,DORSET,DORSET,Standard,Addition,50.7281260000,-2.7665060000
230000,2020-02-14 00:00:00Z,DT6 5BE,Terraced,Established,Freehold,20,,VEARSE CLOSE,,BRIDPORT,DORSET,DORSET,Standard,Addition,50.7281260000,-2.7665060000
115694,2020-08-10 00:00:00Z,DT6 5BD,Flats/Maisonettes,Established,Leasehold,14,,EDGEHILL ROAD,,BRIDPORT,DORSET,DORSET,Standard,Addition,50.7288400000,-2.7664030000
390000,2021-02-17 00:00:00Z,DT6 5BA,Detached,Established,Freehold,4,,ELIZABETH AVENUE,,BRIDPORT,DORSET,DORSET,Standard,Addition,50.7274240000,-2.7657140000
750000,2021-02-26 00:00:00Z,DT6 5LA,Detached,Established,Freehold,BRITLANDS,1,SKILLING HILL ROAD,,BRIDPORT,DORSET,DORSET,Standard,Addition,50.7269650000,-2.7657210000
245000,2021-04-16 00:00:00Z,DT6 5AS,Terraced,Established,Freehold,44,,CORONATION ROAD,,BRIDPORT,DORSET,DORSET,Standard,Addition,50.7293090000,-2.7648100000
141000,2021-04-07 00:00:00Z,DT6 5QP,Flats/Maisonettes,Established,Leasehold,15,,ALEXANDRA COURT,,BRIDPORT,DORSET,DORSET,Standard,Addition,50.7277120000,-2.7629990000
590000,2021-06-30 00:00:00Z,DT6 5NJ,Detached,New Build,Freehold,55,,WATTON PARK,,BRIDPORT,DORSET,DORSET,Standard,Addition,50.7262060000,-2.7647320000
137000,2021-07-23 00:00:00Z,DT6 5QP,Flats/Maisonettes,Established,Leasehold,39,,ALEXANDRA COURT,,BRIDPORT,DORSET,DORSET,Standard,Addition,50.7277120000,-2.7629990000
372500,2021-07-19 00:00:00Z,DT6 5NJ,Detached,Established,Freehold,21,,WATTON PARK,,BRIDPORT,DORSET,DORSET,Standard,Addition,50.7262060000,-2.7647320000
237000,2022-03-16 00:00:00Z,DT6 5BB,Terraced,Established,Freehold,16,,GALE CRESCENT,,BRIDPORT,DORSET,DORSET,Standard,Addition,50.7297060000,-2.7644340000
270000,2022-02-28 00:00:00Z,DT6 5AY,Semi-Detached,Established,Freehold,10,,PRINCESS ROAD,,BRIDPORT,DORSET,DORSET,Standard,Addition,50.7292140000,-2.7628950000
162000,2022-02-04 00:00:00Z,DT6 5QP,Flats/Maisonettes,Established,Leasehold,19,,ALEXANDRA COURT,,BRIDPORT,DORSET,DORSET,Standard,Addition,50.7277120000,-2.7629990000
285000,2022-01-31 00:00:00Z,DT6 5BE,Terraced,Established,Freehold,19,,VEARSE CLOSE,,BRIDPORT,DORSET,DORSET,Standard,Addition,50.7281260000,-2.7665060000
