53000,1995-09-22 00:00:00Z,CB8 9BN,Terraced,New Build,Freehold,47,,GREEN ROAD,NEWMARKET,NEWMARKET,FOREST HEATH,SUFFOLK,Standard,Addition,52.2388550000,0.4077660000
66000,1995-01-06 00:00:00Z,CB8 8BQ,Semi-Detached,Established,Freehold,17,,PEMBROKE CLOSE,NEWMARKET,NEWMARKET,EAST CAMBRIDGESHIRE,CAMBRIDGESHIRE,Standard,Addition,52.2381610000,0.4087390000
85500,1995-06-09 00:00:00Z,CB8 8AU,Detached,Established,Freehold,7,,DOWNING CLOSE,NEWMARKET,NEWMARKET,EAST CAMBRIDGESHIRE,CAMBRIDGESHIRE,Standard,Addition,52.2364880000,0.4078580000
87500,1995-01-23 00:00:00Z,CB8 9BQ,Semi-Detached,Established,Freehold,35,,WOODDITTON ROAD,NEWMARKET,NEWMARKET,EAST CAMBRIDGESHIRE,CAMBRIDGESHIRE,Standard,Addition,52.2340400000,0.4044590000
145000,1995-08-10 00:00:00Z,CB8 8DD,Detached,New Build,Freehold,41,,SELWYN CLOSE,NEWMARKET,NEWMARKET,EAST CAMBRIDGESHIRE,CAMBRIDGESHIRE,Standard,Addition,52.2347380000,0.4063860000
56230,1995-02-15 00:00:00Z,CB8 9BN,Semi-Detached,New Build,Freehold,55,,GREEN ROAD,NEWMARKET,NEWMARKET,FOREST HEATH,SUFFOLK,Standard,Addition,52.2388550000,0.4077660000
60000,1995-12-15 00:00:00Z,CB8 9AY,Terraced,Established,Leasehold,TATTERSALL CRESCENT,FLAT 17,THE AVENUE,NEWMARKET,NEWMARKET,FOREST HEATH,SUFFOLK,Standard,Addition,52.2399090000,0.4067080000
69250,1995-02-24 00:00:00Z,CB8 9BN,Semi-Detached,New Build,Freehold,53,,GREEN ROAD,NEWMARKET,NEWMARKET,FOREST HEATH,SUFFOLK,Standard,Addition,52.2388550000,0.4077660000
63000,1995-03-03 00:00:00Z,CB8 9BN,Semi-Detached,New Build,Freehold,33,,GREEN ROAD,NEWMARKET,NEWMARKET,FOREST HEATH,SUFFOLK,Standard,Addition,52.2388550000,0.4077660000
150000,1995-12-15 00:00:00Z,CB8 8XE,Detached,New Build,Freehold,2,,DITTON CLOSE,NEWMARKET,NEWMARKET,EAST CAMBRIDGESHIRE,CAMBRIDGESHIRE,Standard,Addition,52.2336480000,0.4064590000
54200,1995-03-10 00:00:00Z,CB8 9BN,Terraced,New Build,Freehold,39,,GREEN ROAD,NEWMARKET,NEWMARKET,FOREST HEATH,SUFFOLK,Standard,Addition,52.2388550000,0.4077660000
77000,1995-11-03 00:00:00Z,CB8 9BN,Detached,New Build,Freehold,31,,GREEN ROAD,NEWMARKET,NEWMARKET,FOREST HEATH,SUFFOLK,Standard,Addition,52.2388550000,0.4077660000
55000,1995-12-11 00:00:00Z,CB8 9BG,Semi-Detached,Established,Freehold,104,,CROCKFORDS ROAD,NEWMARKET,NEWMARKET,EAST CAMBRIDGESHIRE,CAMBRIDGESHIRE,Standard,Addition,52.2371370000,0.4059430000
70000,1995-06-16 00:00:00Z,CB8 8DF,Detached,Established,Freehold,6,,DARWIN PLACE,NEWMARKET,NEWMARKET,EAST CAMBRIDGESHIRE,CAMBRIDGESHIRE,Standard,Addition,52.2347460000,0.4086130000
110000,1995-01-06 00:00:00Z,CB8 8DE,Detached,Established,Freehold,45,,ST JOHNS AVENUE,NEWMARKET,NEWMARKET,EAST CAMBRIDGESHIRE,CAMBRIDGESHIRE,Standard,Addition,52.2348240000,0.4077800000
70900,1995-03-17 00:00:00Z,CB8 9BN,Semi-Detached,New Build,Freehold,49,,GREEN ROAD,NEWMARKET,NEWMARKET,FOREST HEATH,SUFFOLK,Standard,Addition,52.2388550000,0.4077660000
86000,1995-04-28 00:00:00Z,CB8 8DG,Detached,Established,Freehold,5,,KINGS DRIVE,NEWMARKET,NEWMARKET,EAST CAMBRIDGESHIRE,CAMBRIDGESHIRE,Standard,Addition,52.2351610000,0.4094120000
65250,1995-04-13 00:00:00Z,CB8 9BN,Semi-Detached,New Build,Freehold,37,,GREEN ROAD,NEWMARKET,NEWMARKET,FOREST HEATH,SUFFOLK,Standard,Addition,52.2388550000,0.4077660000
140000,1995-11-07 00:00:00Z,CB8 9AY,Detached,Established,Freehold,31,,THE AVENUE,NEWMARKET,NEWMARKET,FOREST HEATH,SUFFOLK,Standard,Addition,52.2399090000,0.4067080000
59000,1995-08-25 00:00:00Z,CB8 9BN,Semi-Detached,New Build,Freehold,35,,GREEN ROAD,NEWMARKET,NEWMARKET,FOREST HEATH,SUFFOLK,Standard,Addition,52.2388550000,0.4077660000
72750,1995-01-06 00:00:00Z,CB8 8BH,Semi-Detached,Established,Freehold,12,,CLARE PLACE,NEWMARKET,NEWMARKET,EAST CAMBRIDGESHIRE,CAMBRIDGESHIRE,Standard,Addition,52.2379030000,0.4094720000
56730,1995-03-10 00:00:00Z,CB8 9BN,Semi-Detached,New Build,Freehold,43,,GREEN ROAD,NEWMARKET,NEWMARKET,FOREST HEATH,SUFFOLK,Standard,Addition,52.2388550000,0.4077660000
65000,1995-03-31 00:00:00Z,CB8 9BG,Semi-Detached,New Build,Freehold,27,,CROCKFORDS ROAD,NEWMARKET,NEWMARKET,EAST CAMBRIDGESHIRE,CAMBRIDGESHIRE,Standard,Addition,52.2371370000,0.4059430000
55550,1995-04-20 00:00:00Z,CB8 9BN,Terraced,New Build,Freehold,57,,GREEN ROAD,NEWMARKET,NEWMARKET,FOREST HEATH,SUFFOLK,Standard,Addition,52.2388550000,0.4077660000
39000,1995-12-19 00:00:00Z,CB8 9BG,Flats/Maisonettes,Established,Leasehold,25,,CROCKFORDS ROAD,NEWMARKET,NEWMARKET,EAST CAMBRIDGESHIRE,CAMBRIDGESHIRE,Standard,Addition,52.2371370000,0.4059430000
124950,1995-08-11 00:00:00Z,CB8 9BG,Semi-Detached,Established,Freehold,80,,CROCKFORDS ROAD,NEWMARKET,NEWMARKET,EAST CAMBRIDGESHIRE,CAMBRIDGESHIRE,Standard,Addition,52.2371370000,0.4059430000
235000,1995-02-03 00:00:00Z,CB8 9BQ,Detached,Established,Freehold,"DITTON HOUSE, 45",,WOODDITTON ROAD,,NEWMARKET,EAST CAMBRIDGESHIRE,CAMBRIDGESHIRE,Standard,Addition,52.2340400000,0.4044590000
77500,1995-09-14 00:00:00Z,CB8 8DE,Detached,Established,Freehold,56,,ST JOHNS AVENUE,NEWMARKET,NEWMARKET,EAST CAMBRIDGESHIRE,CAMBRIDGESHIRE,Standard,Addition,52.2348240000,0.4077800000
55730,1995-02-10 00:00:00Z,CB8 9BN,Semi-Detached,New Build,Freehold,45,,GREEN ROAD,NEWMARKET,NEWMARKET,FOREST HEATH,SUFFOLK,Standard,Addition,52.2388550000,0.4077660000
55200,1995-04-28 00:00:00Z,CB8 9BN,Semi-Detached,New Build,Freehold,41,,GREEN ROAD,NEWMARKET,NEWMARKET,FOREST HEATH,SUFFOLK,Standard,Addition,52.2388550000,0.4077660000
72150,1995-02-17 00:00:00Z,CB8 9BN,Semi-Detached,New Build,Freehold,51,,GREEN ROAD,NEWMARKET,NEWMARKET,FOREST HEATH,SUFFOLK,Standard,Addition,52.2388550000,0.4077660000
72500,1995-12-14 00:00:00Z,CB8 8DE,Detached,Established,Freehold,62,,ST JOHNS AVENUE,NEWMARKET,NEWMARKET,EAST CAMBRIDGESHIRE,CAMBRIDGESHIRE,Standard,Addition,52.2348240000,0.4077800000
59950,1996-01-24 00:00:00Z,CB8 9BG,Terraced,Established,Freehold,68,,CROCKFORDS ROAD,NEWMARKET,NEWMARKET,EAST CAMBRIDGESHIRE,CAMBRIDGESHIRE,Standard,Addition,52.2371370000,0.4059430000
109500,1996-06-28 00:00:00Z,CB8 8DE,Detached,Established,Freehold,83,,ST JOHNS AVENUE,NEWMARKET,NEWMARKET,EAST CAMBRIDGESHIRE,CAMBRIDGESHIRE,Standard,Addition,52.2348240000,0.4077800000
121500,1996-07-25 00:00:00Z,CB8 8DG,Detached,Established,Freehold,4,,KINGS DRIVE,NEWMARKET,NEWMARKET,EAST CAMBRIDGESHIRE,CAMBRIDGESHIRE,Standard,Addition,52.2351610000,0.4094120000
71500,1996-11-29 00:00:00Z,CB8 9AY,Flats/Maisonettes,Established,Leasehold,TATTERSALL CRESCENT,FLAT 19,THE AVENUE,NEWMARKET,NEWMARKET,FOREST HEATH,SUFFOLK,Standard,Addition,52.2399090000,0.4067080000
133000,1996-02-09 00:00:00Z,CB8 9BG,Semi-Detached,Established,Freehold,82,,CROCKFORDS ROAD,NEWMARKET,NEWMARKET,EAST CAMBRIDGESHIRE,CAMBRIDGESHIRE,Standard,Addition,52.2371370000,0.4059430000
69000,1996-10-14 00:00:00Z,CB8 9BG,Semi-Detached,Established,Freehold,104,,CROCKFORDS ROAD,NEWMARKET,NEWMARKET,EAST CAMBRIDGESHIRE,CAMBRIDGESHIRE,Standard,Addition,52.2371370000,0.4059430000
73500,1996-05-31 00:00:00Z,CB8 9BN,Semi-Detached,Established,Freehold,51,,GREEN ROAD,NEWMARKET,NEWMARKET,FOREST HEATH,SUFFOLK,Standard,Addition,52.2388550000,0.4077660000
114000,1996-05-24 00:00:00Z,CB8 8DD,Detached,Established,Freehold,2,,SELWYN CLOSE,NEWMARKET,NEWMARKET,EAST CAMBRIDGESHIRE,CAMBRIDGESHIRE,Standard,Addition,52.2347380000,0.4063860000
163500,1996-11-14 00:00:00Z,CB8 8XE,Detached,Established,Freehold,3,,DITTON CLOSE,NEWMARKET,NEWMARKET,HUNTINGDONSHIRE,CAMBRIDGESHIRE,Standard,Addition,52.2336480000,0.4064590000
140000,1996-04-01 00:00:00Z,CB8 8DD,Detached,Established,Freehold,4,,SELWYN CLOSE,NEWMARKET,NEWMARKET,CAMBRIDGE,CAMBRIDGESHIRE,Standard,Addition,52.2347380000,0.4063860000
120000,1996-12-19 00:00:00Z,CB8 9BE,Detached,Established,Freehold,4,,PADDOCKS DRIVE,NEWMARKET,NEWMARKET,FOREST HEATH,SUFFOLK,Standard,Addition,52.2371310000,0.4036740000
108000,1996-07-01 00:00:00Z,CB8 8DE,Detached,Established,Freehold,67,,ST JOHNS AVENUE,NEWMARKET,NEWMARKET,EAST CAMBRIDGESHIRE,CAMBRIDGESHIRE,Standard,Addition,52.2348240000,0.4077800000
81000,1996-03-15 00:00:00Z,CB8 8BL,Detached,Established,Freehold,4,,ST JOHNS AVENUE,NEWMARKET,NEWMARKET,EAST CAMBRIDGESHIRE,CAMBRIDGESHIRE,Standard,Addition,52.2373540000,0.4095010000
89950,1996-11-08 00:00:00Z,CB8 8AT,Detached,Established,Freehold,4,,PETERHOUSE DRIVE,NEWMARKET,NEWMARKET,EAST CAMBRIDGESHIRE,CAMBRIDGESHIRE,Standard,Addition,52.2360540000,0.4071170000
103000,1996-04-15 00:00:00Z,CB8 8DF,Detached,Established,Freehold,14,,DARWIN PLACE,NEWMARKET,NEWMARKET,EAST CAMBRIDGESHIRE,CAMBRIDGESHIRE,Standard,Addition,52.2347460000,0.4086130000
95250,1997-04-22 00:00:00Z,CB8 9BG,Semi-Detached,Established,Freehold,39,,CROCKFORDS ROAD,NEWMARKET,NEWMARKET,EAST CAMBRIDGESHIRE,CAMBRIDGESHIRE,Standard,Addition,52.2371370000,0.4059430000
52500,1997-02-28 00:00:00Z,CB8 9AY,Flats/Maisonettes,Established,Leasehold,TATTERSALL CRESCENT,FLAT 15,THE AVENUE,NEWMARKET,NEWMARKET,FOREST HEATH,SUFFOLK,Standard,Addition,52.2399090000,0.4067080000
275000,1997-11-12 00:00:00Z,CB8 9BQ,Detached,Established,Freehold,43,,WOODDITTON ROAD,NEWMARKET,NEWMARKET,EAST CAMBRIDGESHIRE,CAMBRIDGESHIRE,Standard,Addition,52.2340400000,0.4044590000
115000,1997-03-14 00:00:00Z,CB8 8BL,Semi-Detached,Established,Freehold,46,,ST JOHNS AVENUE,NEWMARKET,NEWMARKET,EAST CAMBRIDGESHIRE,CAMBRIDGESHIRE,Standard,Addition,52.2373540000,0.4095010000
59000,1997-01-21 00:00:00Z,CB8 9BG,Terraced,Established,Freehold,66,,CROCKFORDS ROAD,NEWMARKET,NEWMARKET,EAST CAMBRIDGESHIRE,CAMBRIDGESHIRE,Standard,Addition,52.2371370000,0.4059430000
95000,1997-08-01 00:00:00Z,CB8 9BG,Semi-Detached,Established,Freehold,41,,CROCKFORDS ROAD,NEWMARKET,NEWMARKET,EAST CAMBRIDGESHIRE,CAMBRIDGESHIRE,Standard,Addition,52.2371370000,0.4059430000
129950,1997-08-29 00:00:00Z,CB8 8DF,Detached,Established,Freehold,12,,DARWIN PLACE,NEWMARKET,NEWMARKET,EAST CAMBRIDGESHIRE,CAMBRIDGESHIRE,Standard,Addition,52.2347460000,0.4086130000
151000,1997-11-14 00:00:00Z,CB8 9BE,Detached,Established,Freehold,26,,PADDOCKS DRIVE,NEWMARKET,NEWMARKET,FOREST HEATH,SUFFOLK,Standard,Addition,52.2371310000,0.4036740000
108500,1997-10-02 00:00:00Z,CB8 8BL,Detached,Established,Freehold,40,,ST JOHNS AVENUE,NEWMARKET,NEWMARKET,EAST CAMBRIDGESHIRE,CAMBRIDGESHIRE,Standard,Addition,52.2373540000,0.4095010000
97000,1997-01-31 00:00:00Z,CB8 9BQ,Semi-Detached,Established,Freehold,33,,WOODDITTON ROAD,NEWMARKET,NEWMARKET,EAST CAMBRIDGESHIRE,CAMBRIDGESHIRE,Standard,Addition,52.2340400000,0.4044590000
89000,1997-06-19 00:00:00Z,CB8 8DE,Detached,Established,Freehold,91,,ST JOHNS AVENUE,NEWMARKET,NEWMARKET,EAST CAMBRIDGESHIRE,CAMBRIDGESHIRE,Standard,Addition,52.2348240000,0.4077800000
49500,1997-01-08 00:00:00Z,CB8 9BG,Flats/Maisonettes,Established,Leasehold,8,,CROCKFORDS ROAD,,NEWMARKET,EAST CAMBRIDGESHIRE,CAMBRIDGESHIRE,Standard,Addition,52.2371370000,0.4059430000
52200,1997-03-21 00:00:00Z,CB8 9AY,Flats/Maisonettes,Established,Leasehold,TATTERSALL CRESCENT,FLAT 7,THE AVENUE,,NEWMARKET,WEST SUFFOLK,SUFFOLK,Standard,Addition,52.2399090000,0.4067080000
92000,1997-06-06 00:00:00Z,CB8 8DG,Detached,Established,Freehold,7,,KINGS DRIVE,NEWMARKET,NEWMARKET,EAST CAMBRIDGESHIRE,CAMBRIDGESHIRE,Standard,Addition,52.2351610000,0.4094120000
81950,1997-05-09 00:00:00Z,CB8 9BA,Semi-Detached,Established,Freehold,34,,GREEN ROAD,NEWMARKET,NEWMARKET,FOREST HEATH,SUFFOLK,Standard,Addition,52.2391730000,0.4071680000
97000,1998-05-08 00:00:00Z,CB8 8DF,Detached,Established,Freehold,10,,DARWIN PLACE,NEWMARKET,NEWMARKET,EAST CAMBRIDGESHIRE,CAMBRIDGESHIRE,Standard,Addition,52.2347460000,0.4086130000
71000,1998-05-15 00:00:00Z,CB8 9BN,Semi-Detached,Established,Freehold,35,,GREEN ROAD,NEWMARKET,NEWMARKET,FOREST HEATH,SUFFOLK,Standard,Addition,52.2388550000,0.4077660000
109000,1998-08-21 00:00:00Z,CB8 9BE,Detached,Established,Freehold,15,,PADDOCKS DRIVE,NEWMARKET,NEWMARKET,FOREST HEATH,SUFFOLK,Standard,Addition,52.2371310000,0.4036740000
134000,1998-12-18 00:00:00Z,CB8 8DF,Detached,Established,Freehold,17,,DARWIN PLACE,NEWMARKET,NEWMARKET,EAST CAMBRIDGESHIRE,CAMBRIDGESHIRE,Standard,Addition,52.2347460000,0.4086130000
143000,1998-07-03 00:00:00Z,CB8 8DE,Detached,Established,Freehold,76,,ST JOHNS AVENUE,NEWMARKET,NEWMARKET,EAST CAMBRIDGESHIRE,CAMBRIDGESHIRE,Standard,Addition,52.2348240000,0.4077800000
57000,1998-05-15 00:00:00Z,CB8 9BG,Flats/Maisonettes,Established,Leasehold,8,,CROCKFORDS ROAD,,NEWMARKET,EAST CAMBRIDGESHIRE,CAMBRIDGESHIRE,Standard,Addition,52.2371370000,0.4059430000
124500,1998-07-17 00:00:00Z,CB8 9BG,Semi-Detached,New Build,Freehold,96,,CROCKFORDS ROAD,NEWMARKET,NEWMARKET,EAST CAMBRIDGESHIRE,CAMBRIDGESHIRE,Standard,Addition,52.2371370000,0.4059430000
91000,1998-07-24 00:00:00Z,CB8 8AT,Semi-Detached,Established,Freehold,1,,PETERHOUSE DRIVE,NEWMARKET,NEWMARKET,EAST CAMBRIDGESHIRE,CAMBRIDGESHIRE,Standard,Addition,52.2360540000,0.4071170000
55250,1998-11-11 00:00:00Z,CB8 9AY,Flats/Maisonettes,Established,Leasehold,TATTERSALL CRESCENT,FLAT 18,THE AVENUE,NEWMARKET,NEWMARKET,FOREST HEATH,SUFFOLK,Standard,Addition,52.2399090000,0.4067080000
102500,1998-09-25 00:00:00Z,CB8 8DE,Semi-Detached,Established,Freehold,50,,ST JOHNS AVENUE,NEWMARKET,NEWMARKET,EAST CAMBRIDGESHIRE,CAMBRIDGESHIRE,Standard,Addition,52.2348240000,0.4077800000
87000,1998-09-01 00:00:00Z,CB8 8DE,Detached,Established,Freehold,93,,ST JOHNS AVENUE,NEWMARKET,NEWMARKET,EAST CAMBRIDGESHIRE,CAMBRIDGESHIRE,Standard,Addition,52.2348240000,0.4077800000
120000,1998-07-08 00:00:00Z,CB8 8DG,Detached,Established,Freehold,10,,KINGS DRIVE,NEWMARKET,NEWMARKET,EAST CAMBRIDGESHIRE,CAMBRIDGESHIRE,Standard,Addition,52.2351610000,0.4094120000
118000,1998-07-16 00:00:00Z,CB8 8AT,Detached,Established,Freehold,11,,PETERHOUSE DRIVE,NEWMARKET,NEWMARKET,EAST CAMBRIDGESHIRE,CAMBRIDGESHIRE,Standard,Addition,52.2360540000,0.4071170000
64000,1998-09-04 00:00:00Z,CB8 9BN,Semi-Detached,Established,Freehold,55,,GREEN ROAD,NEWMARKET,NEWMARKET,FOREST HEATH,SUFFOLK,Standard,Addition,52.2388550000,0.4077660000
72000,1998-04-16 00:00:00Z,CB8 9BG,Semi-Detached,Established,Freehold,30,,CROCKFORDS ROAD,NEWMARKET,NEWMARKET,EAST CAMBRIDGESHIRE,CAMBRIDGESHIRE,Standard,Addition,52.2371370000,0.4059430000
59950,1998-05-29 00:00:00Z,CB8 9BN,Terraced,Established,Freehold,47,,GREEN ROAD,NEWMARKET,NEWMARKET,FOREST HEATH,SUFFOLK,Standard,Addition,52.2388550000,0.4077660000
68000,1999-06-30 00:00:00Z,CB8 9AY,Flats/Maisonettes,Established,Leasehold,TATTERSALL CRESCENT,FLAT 11,THE AVENUE,,NEWMARKET,WEST SUFFOLK,SUFFOLK,Standard,Addition,52.2399090000,0.4067080000
69950,1999-05-14 00:00:00Z,CB8 9AY,Flats/Maisonettes,Established,Leasehold,TATTERSALL CRESCENT,FLAT 7,THE AVENUE,,NEWMARKET,WEST SUFFOLK,SUFFOLK,Standard,Addition,52.2399090000,0.4067080000
74000,1999-12-03 00:00:00Z,CB8 9BG,Terraced,Established,Freehold,26,,CROCKFORDS ROAD,,NEWMARKET,EAST CAMBRIDGESHIRE,CAMBRIDGESHIRE,Standard,Addition,52.2371370000,0.4059430000
116000,1999-11-19 00:00:00Z,CB8 8BL,Detached,Established,Freehold,8,,ST JOHNS AVENUE,,NEWMARKET,EAST CAMBRIDGESHIRE,CAMBRIDGESHIRE,Standard,Addition,52.2373540000,0.4095010000
117000,1999-05-28 00:00:00Z,CB8 8BL,Semi-Detached,Established,Freehold,42,,ST JOHNS AVENUE,,NEWMARKET,EAST CAMBRIDGESHIRE,CAMBRIDGESHIRE,Standard,Addition,52.2373540000,0.4095010000
104650,1999-06-29 00:00:00Z,CB8 8DE,Semi-Detached,Established,Freehold,51,,ST JOHNS AVENUE,,NEWMARKET,EAST CAMBRIDGESHIRE,CAMBRIDGESHIRE,Standard,Addition,52.2348240000,0.4077800000
87000,1999-04-23 00:00:00Z,CB8 9BN,Semi-Detached,Established,Freehold,51,,GREEN ROAD,,NEWMARKET,FOREST HEATH,SUFFOLK,Standard,Addition,52.2388550000,0.4077660000
140000,1999-04-26 00:00:00Z,CB8 9BE,Detached,Established,Freehold,4,,PADDOCKS DRIVE,,NEWMARKET,FOREST HEATH,SUFFOLK,Standard,Addition,52.2371310000,0.4036740000
57500,1999-11-26 00:00:00Z,CB8 8BJ,Detached,Established,Freehold,15,,TRINITY DRIVE,,NEWMARKET,EAST CAMBRIDGESHIRE,CAMBRIDGESHIRE,Standard,Addition,52.2374470000,0.4084810000
112000,1999-08-21 00:00:00Z,CB8 8DE,Detached,Established,Freehold,87,,ST JOHNS AVENUE,,NEWMARKET,EAST CAMBRIDGESHIRE,CAMBRIDGESHIRE,Standard,Addition,52.2348240000,0.4077800000
116000,1999-11-25 00:00:00Z,CB8 8DE,Detached,Established,Freehold,87,,ST JOHNS AVENUE,,NEWMARKET,EAST CAMBRIDGESHIRE,CAMBRIDGESHIRE,Standard,Addition,52.2348240000,0.4077800000
83000,1999-03-08 00:00:00Z,CB8 9BA,Semi-Detached,Established,Freehold,40,,GREEN ROAD,,NEWMARKET,FOREST HEATH,SUFFOLK,Standard,Addition,52.2391730000,0.4071680000
105000,1999-04-01 00:00:00Z,CB8 8DF,Detached,Established,Freehold,10,,DARWIN PLACE,,NEWMARKET,EAST CAMBRIDGESHIRE,CAMBRIDGESHIRE,Standard,Addition,52.2347460000,0.4086130000
77000,1999-12-20 00:00:00Z,CB8 9BN,Semi-Detached,Established,Freehold,45,,GREEN ROAD,,NEWMARKET,FOREST HEATH,SUFFOLK,Standard,Addition,52.2388550000,0.4077660000
119000,1999-01-08 00:00:00Z,CB8 9BE,Detached,Established,Freehold,15,,PADDOCKS DRIVE,,NEWMARKET,FOREST HEATH,SUFFOLK,Standard,Addition,52.2371310000,0.4036740000
137100,1999-08-26 00:00:00Z,CB8 9BQ,Semi-Detached,Established,Freehold,23,,WOODDITTON ROAD,,NEWMARKET,EAST CAMBRIDGESHIRE,CAMBRIDGESHIRE,Standard,Addition,52.2340400000,0.4044590000
72000,1999-11-09 00:00:00Z,CB8 9BG,Terraced,Established,Freehold,16,,CROCKFORDS ROAD,,NEWMARKET,EAST CAMBRIDGESHIRE,CAMBRIDGESHIRE,Standard,Addition,52.2371370000,0.4059430000
225000,1999-12-02 00:00:00Z,CB8 8DD,Detached,Established,Freehold,14,,SELWYN CLOSE,,NEWMARKET,EAST CAMBRIDGESHIRE,CAMBRIDGESHIRE,Standard,Addition,52.2347380000,0.4063860000
97000,1999-03-12 00:00:00Z,CB8 9BE,Detached,Established,Freehold,17,,PADDOCKS DRIVE,,NEWMARKET,FOREST HEATH,SUFFOLK,Standard,Addition,52.2371310000,0.4036740000
75950,1999-12-08 00:00:00Z,CB8 9BG,Terraced,Established,Freehold,10,,CROCKFORDS ROAD,,NEWMARKET,EAST CAMBRIDGESHIRE,CAMBRIDGESHIRE,Standard,Addition,52.2371370000,0.4059430000
125000,1999-10-27 00:00:00Z,CB8 8AU,Detached,Established,Freehold,6,,DOWNING CLOSE,,NEWMARKET,EAST CAMBRIDGESHIRE,CAMBRIDGESHIRE,Standard,Addition,52.2364880000,0.4078580000
102500,2000-05-26 00:00:00Z,CB8 9BG,Terraced,Established,Freehold,68,,CROCKFORDS ROAD,,NEWMARKET,EAST CAMBRIDGESHIRE,CAMBRIDGESHIRE,Standard,Addition,52.2371370000,0.4059430000
158000,2000-07-14 00:00:00Z,CB8 8DE,Detached,Established,Freehold,37,,ST JOHNS AVENUE,,NEWMARKET,EAST CAMBRIDGESHIRE,CAMBRIDGESHIRE,Standard,Addition,52.2348240000,0.4077800000
169950,2000-07-25 00:00:00Z,CB8 8DF,Detached,Established,Freehold,12,,DARWIN PLACE,,NEWMARKET,EAST CAMBRIDGESHIRE,CAMBRIDGESHIRE,Standard,Addition,52.2347460000,0.4086130000
143000,2000-01-31 00:00:00Z,CB8 9BG,Detached,Established,Freehold,94,,CROCKFORDS ROAD,,NEWMARKET,EAST CAMBRIDGESHIRE,CAMBRIDGESHIRE,Standard,Addition,52.2371370000,0.4059430000
235000,2000-03-31 00:00:00Z,CB8 9BQ,Detached,Established,Freehold,29,,WOODDITTON ROAD,,NEWMARKET,EAST CAMBRIDGESHIRE,CAMBRIDGESHIRE,Standard,Addition,52.2340400000,0.4044590000
165000,2000-08-18 00:00:00Z,CB8 9BG,Semi-Detached,Established,Freehold,102,,CROCKFORDS ROAD,,NEWMARKET,EAST CAMBRIDGESHIRE,CAMBRIDGESHIRE,Standard,Addition,52.2371370000,0.4059430000
79000,2000-03-19 00:00:00Z,CB8 9BG,Terraced,Established,Freehold,14,,CROCKFORDS ROAD,,NEWMARKET,EAST CAMBRIDGESHIRE,CAMBRIDGESHIRE,Standard,Addition,52.2371370000,0.4059430000
135000,2000-12-05 00:00:00Z,CB8 9BG,Semi-Detached,Established,Freehold,74,,CROCKFORDS ROAD,,NEWMARKET,EAST CAMBRIDGESHIRE,CAMBRIDGESHIRE,Standard,Addition,52.2371370000,0.4059430000
230000,2000-07-21 00:00:00Z,CB8 8DD,Detached,Established,Freehold,35,,SELWYN CLOSE,,NEWMARKET,EAST CAMBRIDGESHIRE,CAMBRIDGESHIRE,Standard,Addition,52.2347380000,0.4063860000
182000,2000-08-18 00:00:00Z,CB8 8DG,Semi-Detached,Established,Freehold,2,,KINGS DRIVE,,NEWMARKET,EAST CAMBRIDGESHIRE,CAMBRIDGESHIRE,Standard,Addition,52.2351610000,0.4094120000
140000,2000-06-05 00:00:00Z,CB8 9BA,Semi-Detached,Established,Freehold,30,,GREEN ROAD,,NEWMARKET,FOREST HEATH,SUFFOLK,Standard,Addition,52.2391730000,0.4071680000
195000,2000-08-04 00:00:00Z,CB8 9BJ,Semi-Detached,Established,Freehold,22,,WOODDITTON ROAD,,NEWMARKET,SOUTH CAMBRIDGESHIRE,CAMBRIDGESHIRE,Standard,Addition,52.2345880000,0.4031270000
146000,2000-06-16 00:00:00Z,CB8 9BE,Detached,Established,Freehold,10,,PADDOCKS DRIVE,,NEWMARKET,FOREST HEATH,SUFFOLK,Standard,Addition,52.2371310000,0.4036740000
73000,2000-12-20 00:00:00Z,CB8 9AY,Flats/Maisonettes,Established,Leasehold,TATTERSALL CRESCENT,FLAT 13,THE AVENUE,,NEWMARKET,FOREST HEATH,SUFFOLK,Standard,Addition,52.2399090000,0.4067080000
125000,2000-07-10 00:00:00Z,CB8 8BL,Detached,Established,Freehold,8,,ST JOHNS AVENUE,,NEWMARKET,EAST CAMBRIDGESHIRE,CAMBRIDGESHIRE,Standard,Addition,52.2373540000,0.4095010000
180000,2001-10-01 00:00:00Z,CB8 9BQ,Semi-Detached,Established,Freehold,33,,WOODDITTON ROAD,NEWMARKET,NEWMARKET,EAST CAMBRIDGESHIRE,CAMBRIDGESHIRE,Standard,Addition,52.2340400000,0.4044590000
60000,2001-04-12 00:00:00Z,CB8 9BG,Semi-Detached,Established,Freehold,25,,CROCKFORDS ROAD,NEWMARKET,NEWMARKET,EAST CAMBRIDGESHIRE,CAMBRIDGESHIRE,Standard,Addition,52.2371370000,0.4059430000
137000,2001-03-30 00:00:00Z,CB8 8DD,Detached,Established,Freehold,29,,SELWYN CLOSE,NEWMARKET,NEWMARKET,EAST CAMBRIDGESHIRE,CAMBRIDGESHIRE,Standard,Addition,52.2347380000,0.4063860000
153000,2001-07-16 00:00:00Z,CB8 8BL,Semi-Detached,Established,Freehold,44,,ST JOHNS AVENUE,NEWMARKET,NEWMARKET,EAST CAMBRIDGESHIRE,CAMBRIDGESHIRE,Standard,Addition,52.2373540000,0.4095010000
295000,2001-11-22 00:00:00Z,CB8 9BB,Detached,New Build,Freehold,11,,STATION APPROACH,NEWMARKET,NEWMARKET,FOREST HEATH,SUFFOLK,Standard,Addition,52.2388350000,0.4056710000
130000,2001-04-09 00:00:00Z,CB8 8BH,Semi-Detached,Established,Freehold,8,,CLARE PLACE,NEWMARKET,NEWMARKET,EAST CAMBRIDGESHIRE,CAMBRIDGESHIRE,Standard,Addition,52.2379030000,0.4094720000
205000,2001-02-22 00:00:00Z,CB8 9BE,Detached,Established,Freehold,4,,PADDOCKS DRIVE,NEWMARKET,NEWMARKET,FOREST HEATH,SUFFOLK,Standard,Addition,52.2371310000,0.4036740000
47000,2001-12-19 00:00:00Z,CB8 8BH,Semi-Detached,Established,Freehold,1,,CLARE PLACE,NEWMARKET,NEWMARKET,EAST CAMBRIDGESHIRE,CAMBRIDGESHIRE,Standard,Addition,52.2379030000,0.4094720000
175000,2001-01-26 00:00:00Z,CB8 9BE,Detached,Established,Freehold,21,,PADDOCKS DRIVE,NEWMARKET,NEWMARKET,FOREST HEATH,SUFFOLK,Standard,Addition,52.2371310000,0.4036740000
128500,2001-02-23 00:00:00Z,CB8 8DF,Detached,Established,Freehold,7,,DARWIN PLACE,NEWMARKET,NEWMARKET,EAST CAMBRIDGESHIRE,CAMBRIDGESHIRE,Standard,Addition,52.2347460000,0.4086130000
132000,2001-07-16 00:00:00Z,CB8 9BN,Semi-Detached,Established,Freehold,59,,GREEN ROAD,NEWMARKET,NEWMARKET,FOREST HEATH,SUFFOLK,Standard,Addition,52.2388550000,0.4077660000
77250,2001-07-03 00:00:00Z,CB8 9AY,Flats/Maisonettes,Established,Leasehold,TATTERSALL CRESCENT,FLAT 14,THE AVENUE,NEWMARKET,NEWMARKET,FOREST HEATH,SUFFOLK,Standard,Addition,52.2399090000,0.4067080000
139000,2001-09-28 00:00:00Z,CB8 9AY,Semi-Detached,Established,Freehold,45,,THE AVENUE,NEWMARKET,NEWMARKET,FOREST HEATH,SUFFOLK,Standard,Addition,52.2399090000,0.4067080000
266500,2001-08-10 00:00:00Z,CB8 8DD,Detached,Established,Freehold,20,,SELWYN CLOSE,NEWMARKET,NEWMARKET,EAST CAMBRIDGESHIRE,CAMBRIDGESHIRE,Standard,Addition,52.2347380000,0.4063860000
165000,2001-08-31 00:00:00Z,CB8 8AT,Detached,Established,Freehold,21,,PETERHOUSE DRIVE,NEWMARKET,NEWMARKET,EAST CAMBRIDGESHIRE,CAMBRIDGESHIRE,Standard,Addition,52.2360540000,0.4071170000
220000,2001-12-05 00:00:00Z,CB8 8DQ,Detached,Established,Freehold,3,,GIRTON CLOSE,NEWMARKET,NEWMARKET,EAST CAMBRIDGESHIRE,CAMBRIDGESHIRE,Standard,Addition,52.2350940000,0.4087490000
133500,2001-07-13 00:00:00Z,CB8 8DD,Detached,Established,Freehold,3,,SELWYN CLOSE,NEWMARKET,NEWMARKET,EAST CAMBRIDGESHIRE,CAMBRIDGESHIRE,Standard,Addition,52.2347380000,0.4063860000
149000,2001-05-08 00:00:00Z,CB8 9BG,Semi-Detached,Established,Freehold,41,,CROCKFORDS ROAD,NEWMARKET,NEWMARKET,EAST CAMBRIDGESHIRE,CAMBRIDGESHIRE,Standard,Addition,52.2371370000,0.4059430000
90000,2001-08-13 00:00:00Z,CB8 9BG,Terraced,Established,Freehold,16,,CROCKFORDS ROAD,NEWMARKET,NEWMARKET,EAST CAMBRIDGESHIRE,CAMBRIDGESHIRE,Standard,Addition,52.2371370000,0.4059430000
179950,2001-07-11 00:00:00Z,CB8 8BJ,Detached,Established,Freehold,5,,TRINITY DRIVE,NEWMARKET,NEWMARKET,EAST CAMBRIDGESHIRE,CAMBRIDGESHIRE,Standard,Addition,52.2374470000,0.4084810000
234000,2002-10-08 00:00:00Z,CB8 9BG,Detached,Established,Freehold,43,,CROCKFORDS ROAD,NEWMARKET,NEWMARKET,EAST CAMBRIDGESHIRE,CAMBRIDGESHIRE,Standard,Addition,52.2371370000,0.4059430000
235000,2002-12-06 00:00:00Z,CB8 8DE,Detached,Established,Freehold,45,,ST JOHNS AVENUE,NEWMARKET,NEWMARKET,EAST CAMBRIDGESHIRE,CAMBRIDGESHIRE,Standard,Addition,52.2348240000,0.4077800000
190000,2002-04-12 00:00:00Z,CB8 8AT,Semi-Detached,Established,Freehold,1,,PETERHOUSE DRIVE,NEWMARKET,NEWMARKET,EAST CAMBRIDGESHIRE,CAMBRIDGESHIRE,Standard,Addition,52.2360540000,0.4071170000
185000,2002-02-01 00:00:00Z,CB8 9BL,Flats/Maisonettes,Established,Leasehold,CORONATION COURT,4,GREEN ROAD,,NEWMARKET,FOREST HEATH,SUFFOLK,Standard,Addition,52.2386610000,0.4062330000
49950,2002-10-10 00:00:00Z,CB8 9AY,Flats/Maisonettes,Established,Leasehold,TATTERSALL CRESCENT,FLAT 1,THE AVENUE,NEWMARKET,NEWMARKET,FOREST HEATH,SUFFOLK,Standard,Addition,52.2399090000,0.4067080000
215000,2002-04-08 00:00:00Z,CB8 8DG,Detached,Established,Freehold,13,,KINGS DRIVE,NEWMARKET,NEWMARKET,EAST CAMBRIDGESHIRE,CAMBRIDGESHIRE,Standard,Addition,52.2351610000,0.4094120000
80000,2002-01-25 00:00:00Z,CB8 9AY,Flats/Maisonettes,Established,Leasehold,TATTERSALL CRESCENT,FLAT 13,THE AVENUE,NEWMARKET,NEWMARKET,FOREST HEATH,SUFFOLK,Standard,Addition,52.2399090000,0.4067080000
240000,2002-08-19 00:00:00Z,CB8 8DE,Detached,Established,Freehold,37,,ST JOHNS AVENUE,NEWMARKET,NEWMARKET,EAST CAMBRIDGESHIRE,CAMBRIDGESHIRE,Standard,Addition,52.2348240000,0.4077800000
119000,2002-07-09 00:00:00Z,CB8 9BG,Terraced,Established,Freehold,66,,CROCKFORDS ROAD,NEWMARKET,NEWMARKET,EAST CAMBRIDGESHIRE,CAMBRIDGESHIRE,Standard,Addition,52.2371370000,0.4059430000
169950,2002-05-24 00:00:00Z,CB8 8DD,Detached,Established,Freehold,5,,SELWYN CLOSE,NEWMARKET,NEWMARKET,EAST CAMBRIDGESHIRE,CAMBRIDGESHIRE,Standard,Addition,52.2347380000,0.4063860000
285000,2002-11-15 00:00:00Z,CB8 9BB,Detached,Established,Freehold,11A,,STATION APPROACH,,NEWMARKET,FOREST HEATH,SUFFOLK,Standard,Addition,52.2388350000,0.4056710000
187000,2002-07-26 00:00:00Z,CB8 8DE,Detached,Established,Freehold,59,,ST JOHNS AVENUE,NEWMARKET,NEWMARKET,EAST CAMBRIDGESHIRE,CAMBRIDGESHIRE,Standard,Addition,52.2348240000,0.4077800000
120000,2002-07-15 00:00:00Z,CB8 9BN,Terraced,Established,Freehold,57,,GREEN ROAD,NEWMARKET,NEWMARKET,FOREST HEATH,SUFFOLK,Standard,Addition,52.2388550000,0.4077660000
217500,2002-05-13 00:00:00Z,CB8 8DD,Detached,Established,Freehold,2,,SELWYN CLOSE,NEWMARKET,NEWMARKET,EAST CAMBRIDGESHIRE,CAMBRIDGESHIRE,Standard,Addition,52.2347380000,0.4063860000
165000,2002-02-27 00:00:00Z,CB8 9BA,Detached,Established,Freehold,40A,,GREEN ROAD,NEWMARKET,NEWMARKET,FOREST HEATH,SUFFOLK,Standard,Addition,52.2391730000,0.4071680000
190000,2002-04-25 00:00:00Z,CB8 9BL,Flats/Maisonettes,New Build,Leasehold,CORONATION COURT,8,GREEN ROAD,,NEWMARKET,FOREST HEATH,SUFFOLK,Standard,Addition,52.2386610000,0.4062330000
112000,2002-07-19 00:00:00Z,CB8 9AY,Flats/Maisonettes,Established,Leasehold,TATTERSALL CRESCENT,FLAT 11,THE AVENUE,,NEWMARKET,WEST SUFFOLK,SUFFOLK,Standard,Addition,52.2399090000,0.4067080000
235000,2002-07-26 00:00:00Z,CB8 8DF,Detached,Established,Freehold,14,,DARWIN PLACE,NEWMARKET,NEWMARKET,EAST CAMBRIDGESHIRE,CAMBRIDGESHIRE,Standard,Addition,52.2347460000,0.4086130000
245000,2002-04-26 00:00:00Z,CB8 8DG,Semi-Detached,Established,Freehold,2,,KINGS DRIVE,NEWMARKET,NEWMARKET,EAST CAMBRIDGESHIRE,CAMBRIDGESHIRE,Standard,Addition,52.2351610000,0.4094120000
220000,2002-08-20 00:00:00Z,CB8 9BL,Flats/Maisonettes,New Build,Leasehold,CORONATION COURT,2,GREEN ROAD,,NEWMARKET,FOREST HEATH,SUFFOLK,Standard,Addition,52.2386610000,0.4062330000
230000,2002-04-25 00:00:00Z,CB8 9BL,Flats/Maisonettes,New Build,Leasehold,CORONATION COURT,6,GREEN ROAD,,NEWMARKET,FOREST HEATH,SUFFOLK,Standard,Addition,52.2386610000,0.4062330000
205000,2002-04-10 00:00:00Z,CB8 9BG,Semi-Detached,Established,Freehold,92,,CROCKFORDS ROAD,NEWMARKET,NEWMARKET,EAST CAMBRIDGESHIRE,CAMBRIDGESHIRE,Standard,Addition,52.2371370000,0.4059430000
170000,2002-12-16 00:00:00Z,CB8 8DE,Detached,Established,Freehold,56,,ST JOHNS AVENUE,NEWMARKET,NEWMARKET,EAST CAMBRIDGESHIRE,CAMBRIDGESHIRE,Standard,Addition,52.2348240000,0.4077800000
142369,2002-05-22 00:00:00Z,CB8 8DE,Detached,Established,Freehold,63,,ST JOHNS AVENUE,NEWMARKET,NEWMARKET,EAST CAMBRIDGESHIRE,CAMBRIDGESHIRE,Standard,Addition,52.2348240000,0.4077800000
155500,2002-06-14 00:00:00Z,CB8 8BH,Semi-Detached,Established,Freehold,8,,CLARE PLACE,NEWMARKET,NEWMARKET,EAST CAMBRIDGESHIRE,CAMBRIDGESHIRE,Standard,Addition,52.2379030000,0.4094720000
142250,2002-09-10 00:00:00Z,CB8 8BQ,Detached,Established,Freehold,9,,PEMBROKE CLOSE,NEWMARKET,NEWMARKET,EAST CAMBRIDGESHIRE,CAMBRIDGESHIRE,Standard,Addition,52.2381610000,0.4087390000
49950,2002-10-11 00:00:00Z,CB8 9AY,Flats/Maisonettes,Established,Leasehold,TATTERSALL CRESCENT,FLAT 4,THE AVENUE,NEWMARKET,NEWMARKET,FOREST HEATH,SUFFOLK,Standard,Addition,52.2399090000,0.4067080000
175000,2002-05-13 00:00:00Z,CB8 8DE,Detached,Established,Freehold,62,,ST JOHNS AVENUE,NEWMARKET,NEWMARKET,EAST CAMBRIDGESHIRE,CAMBRIDGESHIRE,Standard,Addition,52.2348240000,0.4077800000
230000,2002-04-02 00:00:00Z,CB8 9BL,Flats/Maisonettes,New Build,Leasehold,CORONATION COURT,5,GREEN ROAD,NEWMARKET,NEWMARKET,FOREST HEATH,SUFFOLK,Standard,Addition,52.2386610000,0.4062330000
195000,2002-07-26 00:00:00Z,CB8 8AU,Detached,Established,Freehold,7,,DOWNING CLOSE,NEWMARKET,NEWMARKET,EAST CAMBRIDGESHIRE,CAMBRIDGESHIRE,Standard,Addition,52.2364880000,0.4078580000
225000,2002-01-04 00:00:00Z,CB8 9BL,Flats/Maisonettes,Established,Leasehold,CORONATION COURT,1,GREEN ROAD,,NEWMARKET,FOREST HEATH,SUFFOLK,Standard,Addition,52.2386610000,0.4062330000
107000,2002-07-26 00:00:00Z,CB8 9BG,Semi-Detached,Established,Freehold,25,,CROCKFORDS ROAD,NEWMARKET,NEWMARKET,EAST CAMBRIDGESHIRE,CAMBRIDGESHIRE,Standard,Addition,52.2371370000,0.4059430000
179000,2002-09-27 00:00:00Z,CB8 9BG,Detached,Established,Freehold,33,,CROCKFORDS ROAD,NEWMARKET,NEWMARKET,EAST CAMBRIDGESHIRE,CAMBRIDGESHIRE,Standard,Addition,52.2371370000,0.4059430000
98000,2002-04-01 00:00:00Z,CB8 9AY,Flats/Maisonettes,Established,Leasehold,TATTERSALL CRESCENT,FLAT 15,THE AVENUE,NEWMARKET,NEWMARKET,FOREST HEATH,SUFFOLK,Standard,Addition,52.2399090000,0.4067080000
150000,2003-09-02 00:00:00Z,CB8 9AY,Detached,Established,Freehold,28,,THE AVENUE,NEWMARKET,NEWMARKET,FOREST HEATH,SUFFOLK,Standard,Addition,52.2399090000,0.4067080000
310000,2003-10-20 00:00:00Z,CB8 9BQ,Semi-Detached,Established,Freehold,31,,WOODDITTON ROAD,NEWMARKET,NEWMARKET,EAST CAMBRIDGESHIRE,CAMBRIDGESHIRE,Standard,Addition,52.2340400000,0.4044590000
183000,2003-06-06 00:00:00Z,CB8 8BJ,Semi-Detached,Established,Freehold,1,,TRINITY DRIVE,NEWMARKET,NEWMARKET,EAST CAMBRIDGESHIRE,CAMBRIDGESHIRE,Standard,Addition,52.2374470000,0.4084810000
340000,2003-08-26 00:00:00Z,CB8 8DD,Detached,Established,Freehold,4,,SELWYN CLOSE,NEWMARKET,NEWMARKET,EAST CAMBRIDGESHIRE,CAMBRIDGESHIRE,Standard,Addition,52.2347380000,0.4063860000
175000,2003-06-13 00:00:00Z,CB8 8BL,Semi-Detached,Established,Freehold,14,,ST JOHNS AVENUE,NEWMARKET,NEWMARKET,EAST CAMBRIDGESHIRE,CAMBRIDGESHIRE,Standard,Addition,52.2373540000,0.4095010000
580000,2003-09-05 00:00:00Z,CB8 9BG,Detached,Established,Freehold,"WINDERMERE, 83",,CROCKFORDS ROAD,NEWMARKET,NEWMARKET,EAST CAMBRIDGESHIRE,CAMBRIDGESHIRE,Standard,Addition,52.2371370000,0.4059430000
185000,2003-12-16 00:00:00Z,CB8 8DE,Detached,Established,Freehold,87,,ST JOHNS AVENUE,NEWMARKET,NEWMARKET,EAST CAMBRIDGESHIRE,CAMBRIDGESHIRE,Standard,Addition,52.2348240000,0.4077800000
276500,2003-05-08 00:00:00Z,CB8 9BG,Detached,Established,Freehold,94,,CROCKFORDS ROAD,NEWMARKET,NEWMARKET,EAST CAMBRIDGESHIRE,CAMBRIDGESHIRE,Standard,Addition,52.2371370000,0.4059430000
49950,2003-11-24 00:00:00Z,CB8 9AY,Flats/Maisonettes,Established,Leasehold,TATTERSALL CRESCENT,FLAT 6,THE AVENUE,NEWMARKET,NEWMARKET,FOREST HEATH,SUFFOLK,Standard,Addition,52.2399090000,0.4067080000
260000,2003-01-20 00:00:00Z,CB8 8DD,Detached,Established,Freehold,4,,SELWYN CLOSE,NEWMARKET,NEWMARKET,EAST CAMBRIDGESHIRE,CAMBRIDGESHIRE,Standard,Addition,52.2347380000,0.4063860000
179950,2003-11-06 00:00:00Z,CB8 9AY,Detached,Established,Freehold,28,,THE AVENUE,NEWMARKET,NEWMARKET,FOREST HEATH,SUFFOLK,Standard,Addition,52.2399090000,0.4067080000
250000,2003-10-31 00:00:00Z,CB8 9BG,Detached,Established,Freehold,43,,CROCKFORDS ROAD,NEWMARKET,NEWMARKET,EAST CAMBRIDGESHIRE,CAMBRIDGESHIRE,Standard,Addition,52.2371370000,0.4059430000
228000,2003-11-21 00:00:00Z,CB8 9BE,Detached,Established,Freehold,23,,PADDOCKS DRIVE,NEWMARKET,NEWMARKET,FOREST HEATH,SUFFOLK,Standard,Addition,52.2371310000,0.4036740000
279500,2003-10-17 00:00:00Z,CB8 9BG,Semi-Detached,Established,Freehold,96,,CROCKFORDS ROAD,NEWMARKET,NEWMARKET,EAST CAMBRIDGESHIRE,CAMBRIDGESHIRE,Standard,Addition,52.2371370000,0.4059430000
137000,2003-06-13 00:00:00Z,CB8 9BG,Terraced,Established,Freehold,10,,CROCKFORDS ROAD,NEWMARKET,NEWMARKET,EAST CAMBRIDGESHIRE,CAMBRIDGESHIRE,Standard,Addition,52.2371370000,0.4059430000
205000,2003-06-30 00:00:00Z,CB8 9BG,Semi-Detached,Established,Freehold,39,,CROCKFORDS ROAD,NEWMARKET,NEWMARKET,EAST CAMBRIDGESHIRE,CAMBRIDGESHIRE,Standard,Addition,52.2371370000,0.4059430000
365000,2003-12-15 00:00:00Z,CB8 8DD,Detached,Established,Freehold,10,,SELWYN CLOSE,NEWMARKET,NEWMARKET,EAST CAMBRIDGESHIRE,CAMBRIDGESHIRE,Standard,Addition,52.2347380000,0.4063860000
180000,2003-11-27 00:00:00Z,CB8 8DE,Semi-Detached,Established,Freehold,51,,ST JOHNS AVENUE,NEWMARKET,NEWMARKET,EAST CAMBRIDGESHIRE,CAMBRIDGESHIRE,Standard,Addition,52.2348240000,0.4077800000
206000,2003-02-24 00:00:00Z,CB8 8DF,Detached,Established,Freehold,3,,DARWIN PLACE,NEWMARKET,NEWMARKET,EAST CAMBRIDGESHIRE,CAMBRIDGESHIRE,Standard,Addition,52.2347460000,0.4086130000
195000,2003-07-09 00:00:00Z,CB8 9BG,Semi-Detached,Established,Freehold,76,,CROCKFORDS ROAD,NEWMARKET,NEWMARKET,EAST CAMBRIDGESHIRE,CAMBRIDGESHIRE,Standard,Addition,52.2371370000,0.4059430000
159950,2003-09-25 00:00:00Z,CB8 9BG,Terraced,Established,Freehold,68,,CROCKFORDS ROAD,NEWMARKET,NEWMARKET,EAST CAMBRIDGESHIRE,CAMBRIDGESHIRE,Standard,Addition,52.2371370000,0.4059430000
49950,2003-11-24 00:00:00Z,CB8 9AY,Flats/Maisonettes,Established,Leasehold,TATTERSALLS CRESCENT,FLAT 10,THE AVENUE,NEWMARKET,NEWMARKET,FOREST HEATH,SUFFOLK,Standard,Addition,52.2399090000,0.4067080000
189500,2003-08-08 00:00:00Z,CB8 8DE,Detached,Established,Freehold,55,,ST JOHNS AVENUE,NEWMARKET,NEWMARKET,EAST CAMBRIDGESHIRE,CAMBRIDGESHIRE,Standard,Addition,52.2348240000,0.4077800000
217000,2004-05-20 00:00:00Z,CB8 9AY,Detached,Established,Freehold,47,,THE AVENUE,NEWMARKET,NEWMARKET,FOREST HEATH,SUFFOLK,Standard,Addition,52.2399090000,0.4067080000
325000,2004-07-26 00:00:00Z,CB8 9BB,Detached,Established,Freehold,11A,,STATION APPROACH,,NEWMARKET,FOREST HEATH,SUFFOLK,Standard,Addition,52.2388350000,0.4056710000
265000,2004-04-23 00:00:00Z,CB8 9BJ,Semi-Detached,Established,Freehold,22,,WOODDITTON ROAD,NEWMARKET,NEWMARKET,EAST CAMBRIDGESHIRE,CAMBRIDGESHIRE,Standard,Addition,52.2345880000,0.4031270000
226000,2004-05-07 00:00:00Z,CB8 9BG,Semi-Detached,Established,Freehold,39,,CROCKFORDS ROAD,NEWMARKET,NEWMARKET,EAST CAMBRIDGESHIRE,CAMBRIDGESHIRE,Standard,Addition,52.2371370000,0.4059430000
149950,2004-07-14 00:00:00Z,CB8 9BG,Terraced,Established,Freehold,28,,CROCKFORDS ROAD,NEWMARKET,NEWMARKET,EAST CAMBRIDGESHIRE,CAMBRIDGESHIRE,Standard,Addition,52.2371370000,0.4059430000
215000,2004-07-09 00:00:00Z,CB8 9BJ,Semi-Detached,Established,Freehold,26,,WOODDITTON ROAD,NEWMARKET,NEWMARKET,EAST CAMBRIDGESHIRE,CAMBRIDGESHIRE,Standard,Addition,52.2345880000,0.4031270000
249500,2004-09-02 00:00:00Z,CB8 9BA,Semi-Detached,Established,Freehold,40,,GREEN ROAD,NEWMARKET,NEWMARKET,FOREST HEATH,SUFFOLK,Standard,Addition,52.2391730000,0.4071680000
170000,2004-01-30 00:00:00Z,CB8 8BJ,Semi-Detached,Established,Freehold,3,,TRINITY DRIVE,NEWMARKET,NEWMARKET,EAST CAMBRIDGESHIRE,CAMBRIDGESHIRE,Standard,Addition,52.2374470000,0.4084810000
267500,2004-05-26 00:00:00Z,CB8 8DE,Detached,Established,Freehold,71,,ST JOHNS AVENUE,NEWMARKET,NEWMARKET,EAST CAMBRIDGESHIRE,CAMBRIDGESHIRE,Standard,Addition,52.2348240000,0.4077800000
246000,2004-04-05 00:00:00Z,CB8 8DD,Detached,Established,Freehold,27,,SELWYN CLOSE,NEWMARKET,NEWMARKET,EAST CAMBRIDGESHIRE,CAMBRIDGESHIRE,Standard,Addition,52.2347380000,0.4063860000
270000,2004-04-16 00:00:00Z,CB8 8DE,Detached,Established,Freehold,75,,ST JOHNS AVENUE,NEWMARKET,NEWMARKET,EAST CAMBRIDGESHIRE,CAMBRIDGESHIRE,Standard,Addition,52.2348240000,0.4077800000
200000,2004-12-01 00:00:00Z,CB8 9BN,Semi-Detached,Established,Freehold,37,,GREEN ROAD,NEWMARKET,NEWMARKET,FOREST HEATH,SUFFOLK,Standard,Addition,52.2388550000,0.4077660000
323000,2004-08-17 00:00:00Z,CB8 9BG,Semi-Detached,Established,Freehold,92,,CROCKFORDS ROAD,NEWMARKET,NEWMARKET,EAST CAMBRIDGESHIRE,CAMBRIDGESHIRE,Standard,Addition,52.2371370000,0.4059430000
216000,2004-09-23 00:00:00Z,CB8 9AY,Detached,Established,Freehold,28,,THE AVENUE,NEWMARKET,NEWMARKET,FOREST HEATH,SUFFOLK,Standard,Addition,52.2399090000,0.4067080000
245000,2004-06-30 00:00:00Z,CB8 9BE,Detached,Established,Freehold,11,,PADDOCKS DRIVE,NEWMARKET,NEWMARKET,FOREST HEATH,SUFFOLK,Standard,Addition,52.2371310000,0.4036740000
470000,2004-07-13 00:00:00Z,CB8 9AY,Detached,Established,Freehold,25,,THE AVENUE,NEWMARKET,NEWMARKET,FOREST HEATH,SUFFOLK,Standard,Addition,52.2399090000,0.4067080000
249000,2004-06-03 00:00:00Z,CB8 9BE,Detached,Established,Freehold,4,,PADDOCKS DRIVE,NEWMARKET,NEWMARKET,FOREST HEATH,SUFFOLK,Standard,Addition,52.2371310000,0.4036740000
278500,2004-03-05 00:00:00Z,CB8 9BQ,Semi-Detached,Established,Freehold,25,,WOODDITTON ROAD,NEWMARKET,NEWMARKET,EAST CAMBRIDGESHIRE,CAMBRIDGESHIRE,Standard,Addition,52.2340400000,0.4044590000
123750,2004-04-02 00:00:00Z,CB8 8BH,Semi-Detached,Established,Freehold,12,,CLARE PLACE,NEWMARKET,NEWMARKET,EAST CAMBRIDGESHIRE,CAMBRIDGESHIRE,Standard,Addition,52.2379030000,0.4094720000
138500,2005-09-14 00:00:00Z,CB8 9AY,Flats/Maisonettes,Established,Leasehold,TATTERSALL CRESCENT,FLAT 13,THE AVENUE,NEWMARKET,NEWMARKET,FOREST HEATH,SUFFOLK,Standard,Addition,52.2399090000,0.4067080000
270000,2005-11-28 00:00:00Z,CB8 9AY,Detached,Established,Freehold,47,,THE AVENUE,NEWMARKET,NEWMARKET,FOREST HEATH,SUFFOLK,Standard,Addition,52.2399090000,0.4067080000
258000,2005-05-17 00:00:00Z,CB8 8DQ,Detached,Established,Freehold,6,,GIRTON CLOSE,NEWMARKET,NEWMARKET,EAST CAMBRIDGESHIRE,CAMBRIDGESHIRE,Standard,Addition,52.2350940000,0.4087490000
355000,2005-10-21 00:00:00Z,CB8 9BG,Semi-Detached,Established,Freehold,82,,CROCKFORDS ROAD,NEWMARKET,NEWMARKET,EAST CAMBRIDGESHIRE,CAMBRIDGESHIRE,Standard,Addition,52.2371370000,0.4059430000
220000,2005-05-24 00:00:00Z,CB8 9AY,Detached,Established,Freehold,57,,THE AVENUE,NEWMARKET,NEWMARKET,FOREST HEATH,SUFFOLK,Standard,Addition,52.2399090000,0.4067080000
300000,2005-05-17 00:00:00Z,CB8 8DD,Detached,Established,Freehold,21,,SELWYN CLOSE,NEWMARKET,NEWMARKET,EAST CAMBRIDGESHIRE,CAMBRIDGESHIRE,Standard,Addition,52.2347380000,0.4063860000
225000,2005-09-19 00:00:00Z,CB8 9BE,Detached,Established,Freehold,10,,PADDOCKS DRIVE,NEWMARKET,NEWMARKET,FOREST HEATH,SUFFOLK,Standard,Addition,52.2371310000,0.4036740000
167500,2005-05-25 00:00:00Z,CB8 9AY,Semi-Detached,Established,Freehold,53,,THE AVENUE,NEWMARKET,NEWMARKET,FOREST HEATH,SUFFOLK,Standard,Addition,52.2399090000,0.4067080000
175000,2005-08-05 00:00:00Z,CB8 9AY,Semi-Detached,Established,Freehold,55,,THE AVENUE,NEWMARKET,NEWMARKET,FOREST HEATH,SUFFOLK,Standard,Addition,52.2399090000,0.4067080000
215000,2005-09-07 00:00:00Z,CB8 9BL,Flats/Maisonettes,Established,Leasehold,CORONATION COURT,6,GREEN ROAD,,NEWMARKET,FOREST HEATH,SUFFOLK,Standard,Addition,52.2386610000,0.4062330000
179995,2005-06-30 00:00:00Z,CB8 9AY,Semi-Detached,Established,Freehold,49,,THE AVENUE,NEWMARKET,NEWMARKET,FOREST HEATH,SUFFOLK,Standard,Addition,52.2399090000,0.4067080000
190000,2005-01-14 00:00:00Z,CB8 9BN,Semi-Detached,Established,Freehold,51,,GREEN ROAD,NEWMARKET,NEWMARKET,FOREST HEATH,SUFFOLK,Standard,Addition,52.2388550000,0.4077660000
103500,2005-05-31 00:00:00Z,CB8 9BG,Flats/Maisonettes,Established,Leasehold,25,,CROCKFORDS ROAD,NEWMARKET,NEWMARKET,EAST CAMBRIDGESHIRE,CAMBRIDGESHIRE,Standard,Addition,52.2371370000,0.4059430000
239000,2005-03-18 00:00:00Z,CB8 8DE,Detached,Established,Freehold,70,,ST JOHNS AVENUE,NEWMARKET,NEWMARKET,EAST CAMBRIDGESHIRE,CAMBRIDGESHIRE,Standard,Addition,52.2348240000,0.4077800000
320000,2005-09-28 00:00:00Z,CB8 9BB,Detached,Established,Freehold,11,,STATION APPROACH,,NEWMARKET,FOREST HEATH,SUFFOLK,Standard,Addition,52.2388350000,0.4056710000
120000,2005-03-24 00:00:00Z,CB8 8BJ,Detached,Established,Freehold,9,,TRINITY DRIVE,NEWMARKET,NEWMARKET,EAST CAMBRIDGESHIRE,CAMBRIDGESHIRE,Standard,Addition,52.2374470000,0.4084810000
210000,2005-10-06 00:00:00Z,CB8 9BE,Detached,Established,Freehold,5,,PADDOCKS DRIVE,NEWMARKET,NEWMARKET,FOREST HEATH,SUFFOLK,Standard,Addition,52.2371310000,0.4036740000
272000,2005-10-17 00:00:00Z,CB8 8DG,Detached,Established,Freehold,13,,KINGS DRIVE,NEWMARKET,NEWMARKET,EAST CAMBRIDGESHIRE,CAMBRIDGESHIRE,Standard,Addition,52.2351610000,0.4094120000
249999,2005-03-18 00:00:00Z,CB8 8DD,Detached,Established,Freehold,17,,SELWYN CLOSE,NEWMARKET,NEWMARKET,EAST CAMBRIDGESHIRE,CAMBRIDGESHIRE,Standard,Addition,52.2347380000,0.4063860000
130000,2005-09-13 00:00:00Z,CB8 9AY,Semi-Detached,Established,Freehold,43,,THE AVENUE,NEWMARKET,NEWMARKET,FOREST HEATH,SUFFOLK,Standard,Addition,52.2399090000,0.4067080000
311000,2006-05-22 00:00:00Z,CB8 9BA,Semi-Detached,Established,Freehold,30,,GREEN ROAD,NEWMARKET,NEWMARKET,FOREST HEATH,SUFFOLK,Standard,Addition,52.2391730000,0.4071680000
205000,2006-12-11 00:00:00Z,CB8 9BL,Flats/Maisonettes,Established,Leasehold,CORONATION COURT,3,GREEN ROAD,NEWMARKET,NEWMARKET,FOREST HEATH,SUFFOLK,Standard,Addition,52.2386610000,0.4062330000
212000,2006-01-19 00:00:00Z,CB8 8BH,Semi-Detached,Established,Freehold,10,,CLARE PLACE,NEWMARKET,NEWMARKET,EAST CAMBRIDGESHIRE,CAMBRIDGESHIRE,Standard,Addition,52.2379030000,0.4094720000
340000,2006-08-24 00:00:00Z,CB8 8DD,Detached,Established,Freehold,33,,SELWYN CLOSE,NEWMARKET,NEWMARKET,EAST CAMBRIDGESHIRE,CAMBRIDGESHIRE,Standard,Addition,52.2347380000,0.4063860000
161000,2006-09-18 00:00:00Z,CB8 9AY,Flats/Maisonettes,Established,Leasehold,TATTERSALL CRESCENT,FLAT 11,THE AVENUE,,NEWMARKET,WEST SUFFOLK,SUFFOLK,Standard,Addition,52.2399090000,0.4067080000
230000,2006-01-30 00:00:00Z,CB8 9BJ,Semi-Detached,Established,Freehold,24,,WOODDITTON ROAD,NEWMARKET,NEWMARKET,EAST CAMBRIDGESHIRE,CAMBRIDGESHIRE,Standard,Addition,52.2345880000,0.4031270000
162000,2006-04-06 00:00:00Z,CB8 9BG,Terraced,Established,Freehold,66,,CROCKFORDS ROAD,NEWMARKET,NEWMARKET,EAST CAMBRIDGESHIRE,CAMBRIDGESHIRE,Standard,Addition,52.2371370000,0.4059430000
236000,2006-04-06 00:00:00Z,CB8 9BG,Semi-Detached,Established,Freehold,41,,CROCKFORDS ROAD,NEWMARKET,NEWMARKET,EAST CAMBRIDGESHIRE,CAMBRIDGESHIRE,Standard,Addition,52.2371370000,0.4059430000
147000,2006-09-26 00:00:00Z,CB8 9AY,Flats/Maisonettes,Established,Leasehold,TATTERSALL CRESCENT,FLAT 13,THE AVENUE,NEWMARKET,NEWMARKET,FOREST HEATH,SUFFOLK,Standard,Addition,52.2399090000,0.4067080000
155000,2006-02-17 00:00:00Z,CB8 9BG,Terraced,Established,Freehold,64,,CROCKFORDS ROAD,NEWMARKET,NEWMARKET,EAST CAMBRIDGESHIRE,CAMBRIDGESHIRE,Standard,Addition,52.2371370000,0.4059430000
222500,2006-04-03 00:00:00Z,CB8 8BL,Detached,Established,Freehold,18,,ST JOHNS AVENUE,NEWMARKET,NEWMARKET,EAST CAMBRIDGESHIRE,CAMBRIDGESHIRE,Standard,Addition,52.2373540000,0.4095010000
220000,2006-06-30 00:00:00Z,CB8 8DE,Detached,Established,Freehold,58,,ST JOHNS AVENUE,NEWMARKET,NEWMARKET,EAST CAMBRIDGESHIRE,CAMBRIDGESHIRE,Standard,Addition,52.2348240000,0.4077800000
315000,2006-07-26 00:00:00Z,CB8 8DE,Detached,Established,Freehold,43,,ST JOHNS AVENUE,NEWMARKET,NEWMARKET,EAST CAMBRIDGESHIRE,CAMBRIDGESHIRE,Standard,Addition,52.2348240000,0.4077800000
315000,2006-06-15 00:00:00Z,CB8 9BE,Detached,Established,Freehold,29,,PADDOCKS DRIVE,NEWMARKET,NEWMARKET,FOREST HEATH,SUFFOLK,Standard,Addition,52.2371310000,0.4036740000
185000,2006-04-07 00:00:00Z,CB8 9BN,Semi-Detached,Established,Freehold,53,,GREEN ROAD,NEWMARKET,NEWMARKET,FOREST HEATH,SUFFOLK,Standard,Addition,52.2388550000,0.4077660000
285000,2006-10-12 00:00:00Z,CB8 9BQ,Semi-Detached,Established,Freehold,21,,WOODDITTON ROAD,NEWMARKET,NEWMARKET,EAST CAMBRIDGESHIRE,CAMBRIDGESHIRE,Standard,Addition,52.2340400000,0.4044590000
336000,2006-10-05 00:00:00Z,CB8 9BB,Detached,Established,Freehold,9,,STATION APPROACH,,NEWMARKET,FOREST HEATH,SUFFOLK,Standard,Addition,52.2388350000,0.4056710000
161000,2006-09-18 00:00:00Z,CB8 9BN,Terraced,Established,Freehold,39,,GREEN ROAD,NEWMARKET,NEWMARKET,FOREST HEATH,SUFFOLK,Standard,Addition,52.2388550000,0.4077660000
240000,2006-01-27 00:00:00Z,CB8 9AY,Detached,Established,Freehold,57,,THE AVENUE,NEWMARKET,NEWMARKET,FOREST HEATH,SUFFOLK,Standard,Addition,52.2399090000,0.4067080000
550000,2006-10-04 00:00:00Z,CB8 9AY,Semi-Detached,Established,Freehold,37A,,THE AVENUE,NEWMARKET,NEWMARKET,FOREST HEATH,SUFFOLK,Standard,Addition,52.2399090000,0.4067080000
315000,2006-03-31 00:00:00Z,CB8 8DE,Detached,Established,Freehold,72,,ST JOHNS AVENUE,NEWMARKET,NEWMARKET,EAST CAMBRIDGESHIRE,CAMBRIDGESHIRE,Standard,Addition,52.2348240000,0.4077800000
320000,2006-04-24 00:00:00Z,CB8 8DD,Detached,Established,Freehold,41,,SELWYN CLOSE,NEWMARKET,NEWMARKET,EAST CAMBRIDGESHIRE,CAMBRIDGESHIRE,Standard,Addition,52.2347380000,0.4063860000
204000,2006-11-03 00:00:00Z,CB8 9AY,Semi-Detached,Established,Freehold,49,,THE AVENUE,NEWMARKET,NEWMARKET,FOREST HEATH,SUFFOLK,Standard,Addition,52.2399090000,0.4067080000
212500,2006-12-18 00:00:00Z,CB8 9BN,Detached,Established,Freehold,31,,GREEN ROAD,NEWMARKET,NEWMARKET,FOREST HEATH,SUFFOLK,Standard,Addition,52.2388550000,0.4077660000
212500,2006-10-05 00:00:00Z,CB8 8BQ,Semi-Detached,Established,Freehold,17,,PEMBROKE CLOSE,NEWMARKET,NEWMARKET,EAST CAMBRIDGESHIRE,CAMBRIDGESHIRE,Standard,Addition,52.2381610000,0.4087390000
72500,2007-06-29 00:00:00Z,CB8 8GJ,Flats/Maisonettes,Established,Leasehold,15,,GREEN ROAD,NEWMARKET,NEWMARKET,FOREST HEATH,SUFFOLK,Standard,Addition,52.2395620000,0.4088300000
170000,2007-10-03 00:00:00Z,CB8 9BG,Terraced,Established,Freehold,70,,CROCKFORDS ROAD,NEWMARKET,NEWMARKET,EAST CAMBRIDGESHIRE,CAMBRIDGESHIRE,Standard,Addition,52.2371370000,0.4059430000
318500,2007-09-26 00:00:00Z,CB8 8DD,Detached,Established,Freehold,25,,SELWYN CLOSE,NEWMARKET,NEWMARKET,EAST CAMBRIDGESHIRE,CAMBRIDGESHIRE,Standard,Addition,52.2347380000,0.4063860000
60000,2007-06-29 00:00:00Z,CB8 8GJ,Flats/Maisonettes,Established,Leasehold,21,,GREEN ROAD,NEWMARKET,NEWMARKET,FOREST HEATH,SUFFOLK,Standard,Addition,52.2395620000,0.4088300000
96000,2007-06-18 00:00:00Z,CB8 8GJ,Terraced,Established,Leasehold,9,,GREEN ROAD,NEWMARKET,NEWMARKET,FOREST HEATH,SUFFOLK,Standard,Addition,52.2395620000,0.4088300000
86500,2007-06-19 00:00:00Z,CB8 8GJ,Terraced,Established,Leasehold,13B,,GREEN ROAD,NEWMARKET,NEWMARKET,FOREST HEATH,SUFFOLK,Standard,Addition,52.2395620000,0.4088300000
237000,2007-02-15 00:00:00Z,CB8 8DE,Detached,Established,Freehold,81,,ST JOHNS AVENUE,NEWMARKET,NEWMARKET,EAST CAMBRIDGESHIRE,CAMBRIDGESHIRE,Standard,Addition,52.2348240000,0.4077800000
395000,2007-10-25 00:00:00Z,CB8 8DD,Detached,Established,Freehold,24,,SELWYN CLOSE,NEWMARKET,NEWMARKET,EAST CAMBRIDGESHIRE,CAMBRIDGESHIRE,Standard,Addition,52.2347380000,0.4063860000
385000,2007-08-24 00:00:00Z,CB8 8DD,Detached,Established,Freehold,10,,SELWYN CLOSE,NEWMARKET,NEWMARKET,EAST CAMBRIDGESHIRE,CAMBRIDGESHIRE,Standard,Addition,52.2347380000,0.4063860000
175000,2007-04-05 00:00:00Z,CB8 9AY,Semi-Detached,Established,Freehold,43,,THE AVENUE,NEWMARKET,NEWMARKET,FOREST HEATH,SUFFOLK,Standard,Addition,52.2399090000,0.4067080000
90500,2007-05-29 00:00:00Z,CB8 8GJ,Terraced,Established,Leasehold,11A,,GREEN ROAD,NEWMARKET,NEWMARKET,FOREST HEATH,SUFFOLK,Standard,Addition,52.2395620000,0.4088300000
80000,2007-06-25 00:00:00Z,CB8 8GJ,Terraced,Established,Leasehold,9A,,GREEN ROAD,NEWMARKET,NEWMARKET,FOREST HEATH,SUFFOLK,Standard,Addition,52.2395620000,0.4088300000
212000,2007-08-28 00:00:00Z,CB8 9BN,Semi-Detached,Established,Freehold,59,,GREEN ROAD,NEWMARKET,NEWMARKET,FOREST HEATH,SUFFOLK,Standard,Addition,52.2388550000,0.4077660000
285000,2007-12-19 00:00:00Z,CB8 9BA,Semi-Detached,Established,Freehold,36,,GREEN ROAD,NEWMARKET,NEWMARKET,FOREST HEATH,SUFFOLK,Standard,Addition,52.2391730000,0.4071680000
72500,2007-07-16 00:00:00Z,CB8 8GJ,Flats/Maisonettes,Established,Leasehold,17,,GREEN ROAD,NEWMARKET,NEWMARKET,FOREST HEATH,SUFFOLK,Standard,Addition,52.2395620000,0.4088300000
230000,2007-05-04 00:00:00Z,CB8 8DE,Detached,Established,Freehold,56,,ST JOHNS AVENUE,NEWMARKET,NEWMARKET,EAST CAMBRIDGESHIRE,CAMBRIDGESHIRE,Standard,Addition,52.2348240000,0.4077800000
250000,2007-08-15 00:00:00Z,CB8 8DE,Detached,Established,Freehold,93,,ST JOHNS AVENUE,NEWMARKET,NEWMARKET,EAST CAMBRIDGESHIRE,CAMBRIDGESHIRE,Standard,Addition,52.2348240000,0.4077800000
295000,2007-12-19 00:00:00Z,CB8 9BE,Detached,Established,Freehold,28,,PADDOCKS DRIVE,NEWMARKET,NEWMARKET,FOREST HEATH,SUFFOLK,Standard,Addition,52.2371310000,0.4036740000
354000,2007-06-14 00:00:00Z,CB8 8DG,Semi-Detached,Established,Freehold,2,,KINGS DRIVE,NEWMARKET,NEWMARKET,EAST CAMBRIDGESHIRE,CAMBRIDGESHIRE,Standard,Addition,52.2351610000,0.4094120000
250000,2007-05-01 00:00:00Z,CB8 8BH,Semi-Detached,Established,Freehold,8,,CLARE PLACE,NEWMARKET,NEWMARKET,EAST CAMBRIDGESHIRE,CAMBRIDGESHIRE,Standard,Addition,52.2379030000,0.4094720000
221000,2007-12-17 00:00:00Z,CB8 9BN,Semi-Detached,Established,Freehold,37,,GREEN ROAD,NEWMARKET,NEWMARKET,FOREST HEATH,SUFFOLK,Standard,Addition,52.2388550000,0.4077660000
286500,2007-08-22 00:00:00Z,CB8 9BE,Detached,Established,Freehold,11,,PADDOCKS DRIVE,NEWMARKET,NEWMARKET,FOREST HEATH,SUFFOLK,Standard,Addition,52.2371310000,0.4036740000
250000,2007-08-20 00:00:00Z,CB8 9BE,Detached,Established,Freehold,6,,PADDOCKS DRIVE,NEWMARKET,NEWMARKET,FOREST HEATH,SUFFOLK,Standard,Addition,52.2371310000,0.4036740000
350000,2008-04-18 00:00:00Z,CB8 9BE,Detached,Established,Freehold,14,,PADDOCKS DRIVE,NEWMARKET,NEWMARKET,FOREST HEATH,SUFFOLK,Standard,Addition,52.2371310000,0.4036740000
242000,2008-04-04 00:00:00Z,CB8 8BL,Detached,Established,Freehold,6,,ST JOHNS AVENUE,NEWMARKET,NEWMARKET,EAST CAMBRIDGESHIRE,CAMBRIDGESHIRE,Standard,Addition,52.2373540000,0.4095010000
750000,2008-10-03 00:00:00Z,CB8 9DT,Detached,New Build,Freehold,2,,ROBIN HATCH,NEWMARKET,NEWMARKET,EAST CAMBRIDGESHIRE,CAMBRIDGESHIRE,Standard,Addition,52.2360750000,0.4060780000
363000,2008-09-12 00:00:00Z,CB8 8DE,Detached,Established,Freehold,76,,ST JOHNS AVENUE,NEWMARKET,NEWMARKET,EAST CAMBRIDGESHIRE,CAMBRIDGESHIRE,Standard,Addition,52.2348240000,0.4077800000
575000,2008-10-31 00:00:00Z,CB8 9AY,Semi-Detached,Established,Freehold,37A,,THE AVENUE,NEWMARKET,NEWMARKET,FOREST HEATH,SUFFOLK,Standard,Addition,52.2399090000,0.4067080000
170000,2008-05-30 00:00:00Z,CB8 9BG,Terraced,Established,Freehold,64,,CROCKFORDS ROAD,NEWMARKET,NEWMARKET,EAST CAMBRIDGESHIRE,CAMBRIDGESHIRE,Standard,Addition,52.2371370000,0.4059430000
850000,2008-07-31 00:00:00Z,CB8 9DT,Detached,New Build,Freehold,1,,ROBIN HATCH,NEWMARKET,NEWMARKET,EAST CAMBRIDGESHIRE,CAMBRIDGESHIRE,Standard,Addition,52.2360750000,0.4060780000
195000,2008-09-12 00:00:00Z,CB8 9BG,Semi-Detached,Established,Freehold,18,,CROCKFORDS ROAD,NEWMARKET,NEWMARKET,EAST CAMBRIDGESHIRE,CAMBRIDGESHIRE,Standard,Addition,52.2371370000,0.4059430000
156000,2008-08-27 00:00:00Z,CB8 9BN,Terraced,Established,Freehold,47,,GREEN ROAD,NEWMARKET,NEWMARKET,FOREST HEATH,SUFFOLK,Standard,Addition,52.2388550000,0.4077660000
335000,2008-12-23 00:00:00Z,CB8 9BG,Semi-Detached,Established,Freehold,96,,CROCKFORDS ROAD,NEWMARKET,NEWMARKET,EAST CAMBRIDGESHIRE,CAMBRIDGESHIRE,Standard,Addition,52.2371370000,0.4059430000
362500,2008-06-27 00:00:00Z,CB8 9BG,Detached,Established,Freehold,94,,CROCKFORDS ROAD,NEWMARKET,NEWMARKET,EAST CAMBRIDGESHIRE,CAMBRIDGESHIRE,Standard,Addition,52.2371370000,0.4059430000
311500,2008-01-04 00:00:00Z,CB8 8DD,Detached,Established,Freehold,17,,SELWYN CLOSE,NEWMARKET,NEWMARKET,EAST CAMBRIDGESHIRE,CAMBRIDGESHIRE,Standard,Addition,52.2347380000,0.4063860000
159000,2008-06-20 00:00:00Z,CB8 9BG,Terraced,Established,Freehold,12,,CROCKFORDS ROAD,NEWMARKET,NEWMARKET,EAST CAMBRIDGESHIRE,CAMBRIDGESHIRE,Standard,Addition,52.2371370000,0.4059430000
650000,2008-03-20 00:00:00Z,CB8 9DT,Detached,New Build,Freehold,7,,ROBIN HATCH,NEWMARKET,NEWMARKET,EAST CAMBRIDGESHIRE,CAMBRIDGESHIRE,Standard,Addition,52.2360750000,0.4060780000
169500,2008-07-18 00:00:00Z,CB8 9AY,Flats/Maisonettes,Established,Leasehold,TATTERSALL CRESCENT,FLAT 15,THE AVENUE,NEWMARKET,NEWMARKET,FOREST HEATH,SUFFOLK,Standard,Addition,52.2399090000,0.4067080000
325000,2008-10-17 00:00:00Z,CB8 9BA,Semi-Detached,Established,Freehold,30,,GREEN ROAD,NEWMARKET,NEWMARKET,FOREST HEATH,SUFFOLK,Standard,Addition,52.2391730000,0.4071680000
240000,2008-11-07 00:00:00Z,CB8 8DE,Detached,Established,Freehold,83,,ST JOHNS AVENUE,NEWMARKET,NEWMARKET,EAST CAMBRIDGESHIRE,CAMBRIDGESHIRE,Standard,Addition,52.2348240000,0.4077800000
232500,2008-01-28 00:00:00Z,CB8 9BL,Flats/Maisonettes,Established,Leasehold,CORONATION COURT,6,GREEN ROAD,,NEWMARKET,FOREST HEATH,SUFFOLK,Standard,Addition,52.2386610000,0.4062330000
300000,2008-09-30 00:00:00Z,CB8 8DG,Detached,Established,Freehold,4,,KINGS DRIVE,NEWMARKET,NEWMARKET,EAST CAMBRIDGESHIRE,CAMBRIDGESHIRE,Standard,Addition,52.2351610000,0.4094120000
228000,2009-08-10 00:00:00Z,CB8 8DE,Detached,Established,Freehold,61,,ST JOHNS AVENUE,,NEWMARKET,EAST CAMBRIDGESHIRE,CAMBRIDGESHIRE,Standard,Addition,52.2348240000,0.4077800000
285000,2009-07-09 00:00:00Z,CB8 8BJ,Detached,Established,Freehold,9,,TRINITY DRIVE,,NEWMARKET,EAST CAMBRIDGESHIRE,CAMBRIDGESHIRE,Standard,Addition,52.2374470000,0.4084810000
350000,2009-10-02 00:00:00Z,CB8 9BG,Semi-Detached,Established,Freehold,102,,CROCKFORDS ROAD,,NEWMARKET,EAST CAMBRIDGESHIRE,CAMBRIDGESHIRE,Standard,Addition,52.2371370000,0.4059430000
230000,2009-11-30 00:00:00Z,CB8 8BL,Semi-Detached,Established,Freehold,12,,ST JOHNS AVENUE,,NEWMARKET,EAST CAMBRIDGESHIRE,CAMBRIDGESHIRE,Standard,Addition,52.2373540000,0.4095010000
755000,2009-09-30 00:00:00Z,CB8 9DT,Detached,New Build,Freehold,5,,ROBIN HATCH,,NEWMARKET,EAST CAMBRIDGESHIRE,CAMBRIDGESHIRE,Standard,Addition,52.2360750000,0.4060780000
625000,2009-05-22 00:00:00Z,CB8 9DT,Detached,New Build,Freehold,6,,ROBIN HATCH,,NEWMARKET,EAST CAMBRIDGESHIRE,CAMBRIDGESHIRE,Standard,Addition,52.2360750000,0.4060780000
270000,2009-05-14 00:00:00Z,CB8 8AT,Detached,Established,Freehold,15,,PETERHOUSE DRIVE,,NEWMARKET,EAST CAMBRIDGESHIRE,CAMBRIDGESHIRE,Standard,Addition,52.2360540000,0.4071170000
342000,2009-09-25 00:00:00Z,CB8 8XE,Detached,Established,Freehold,2,,DITTON CLOSE,,NEWMARKET,EAST CAMBRIDGESHIRE,CAMBRIDGESHIRE,Standard,Addition,52.2336480000,0.4064590000
184000,2009-01-30 00:00:00Z,CB8 8BH,Semi-Detached,Established,Freehold,14,,CLARE PLACE,NEWMARKET,NEWMARKET,EAST CAMBRIDGESHIRE,CAMBRIDGESHIRE,Standard,Addition,52.2379030000,0.4094720000
730000,2009-03-31 00:00:00Z,CB8 9DT,Detached,New Build,Freehold,4,,ROBIN HATCH,,NEWMARKET,EAST CAMBRIDGESHIRE,CAMBRIDGESHIRE,Standard,Addition,52.2360750000,0.4060780000
152500,2009-09-01 00:00:00Z,CB8 9BG,Terraced,Established,Freehold,38,,CROCKFORDS ROAD,,NEWMARKET,EAST CAMBRIDGESHIRE,CAMBRIDGESHIRE,Standard,Addition,52.2371370000,0.4059430000
227500,2009-07-17 00:00:00Z,CB8 8BH,Detached,Established,Freehold,16,,CLARE PLACE,,NEWMARKET,EAST CAMBRIDGESHIRE,CAMBRIDGESHIRE,Standard,Addition,52.2379030000,0.4094720000
620000,2009-09-07 00:00:00Z,CB8 9DT,Detached,New Build,Freehold,3,,ROBIN HATCH,,NEWMARKET,EAST CAMBRIDGESHIRE,CAMBRIDGESHIRE,Standard,Addition,52.2360750000,0.4060780000
285000,2009-10-27 00:00:00Z,CB8 8DE,Detached,Established,Freehold,37,,ST JOHNS AVENUE,,NEWMARKET,EAST CAMBRIDGESHIRE,CAMBRIDGESHIRE,Standard,Addition,52.2348240000,0.4077800000
900000,2009-03-27 00:00:00Z,CB8 9BG,Detached,Established,Freehold,"WINDERMERE, 83",,CROCKFORDS ROAD,,NEWMARKET,EAST CAMBRIDGESHIRE,CAMBRIDGESHIRE,Standard,Addition,52.2371370000,0.4059430000
380000,2009-09-23 00:00:00Z,CB8 8DD,Detached,Established,Freehold,18,,SELWYN CLOSE,,NEWMARKET,EAST CAMBRIDGESHIRE,CAMBRIDGESHIRE,Standard,Addition,52.2347380000,0.4063860000
280000,2009-12-01 00:00:00Z,CB8 8DG,Detached,Established,Freehold,15,,KINGS DRIVE,,NEWMARKET,EAST CAMBRIDGESHIRE,CAMBRIDGESHIRE,Standard,Addition,52.2351610000,0.4094120000
210000,2009-06-19 00:00:00Z,CB8 9BE,Detached,Established,Freehold,21,,PADDOCKS DRIVE,,NEWMARKET,FOREST HEATH,SUFFOLK,Standard,Addition,52.2371310000,0.4036740000
47500,2009-12-17 00:00:00Z,CB8 8GJ,Flats/Maisonettes,Established,Leasehold,29,,GREEN ROAD,,NEWMARKET,FOREST HEATH,SUFFOLK,Standard,Addition,52.2395620000,0.4088300000
285000,2009-08-03 00:00:00Z,CB8 8DE,Detached,Established,Freehold,39,,ST JOHNS AVENUE,,NEWMARKET,EAST CAMBRIDGESHIRE,CAMBRIDGESHIRE,Standard,Addition,52.2348240000,0.4077800000
245000,2009-12-22 00:00:00Z,CB8 9BE,Detached,Established,Freehold,16,,PADDOCKS DRIVE,,NEWMARKET,FOREST HEATH,SUFFOLK,Standard,Addition,52.2371310000,0.4036740000
280000,2010-12-17 00:00:00Z,CB8 9AY,Semi-Detached,Established,Freehold,43,,THE AVENUE,,NEWMARKET,FOREST HEATH,SUFFOLK,Standard,Addition,52.2399090000,0.4067080000
290000,2010-07-28 00:00:00Z,CB8 8DQ,Detached,Established,Freehold,6,,GIRTON CLOSE,,NEWMARKET,EAST CAMBRIDGESHIRE,CAMBRIDGESHIRE,Standard,Addition,52.2350940000,0.4087490000
205000,2010-02-26 00:00:00Z,CB8 8BJ,Detached,Established,Freehold,15,,TRINITY DRIVE,,NEWMARKET,EAST CAMBRIDGESHIRE,CAMBRIDGESHIRE,Standard,Addition,52.2374470000,0.4084810000
950000,2010-08-12 00:00:00Z,CB8 9BQ,Detached,Established,Freehold,"DITTON HOUSE, 45",,WOODDITTON ROAD,,NEWMARKET,EAST CAMBRIDGESHIRE,CAMBRIDGESHIRE,Standard,Addition,52.2340400000,0.4044590000
280000,2010-06-04 00:00:00Z,CB8 9BE,Detached,Established,Freehold,10,,PADDOCKS DRIVE,,NEWMARKET,FOREST HEATH,SUFFOLK,Standard,Addition,52.2371310000,0.4036740000
310000,2010-07-06 00:00:00Z,CB8 8DQ,Detached,Established,Freehold,3,,GIRTON CLOSE,,NEWMARKET,EAST CAMBRIDGESHIRE,CAMBRIDGESHIRE,Standard,Addition,52.2350940000,0.4087490000
180000,2010-05-25 00:00:00Z,CB8 9BN,Semi-Detached,Established,Freehold,35,,GREEN ROAD,,NEWMARKET,FOREST HEATH,SUFFOLK,Standard,Addition,52.2388550000,0.4077660000
302500,2010-03-11 00:00:00Z,CB8 8DE,Detached,Established,Freehold,45,,ST JOHNS AVENUE,,NEWMARKET,EAST CAMBRIDGESHIRE,CAMBRIDGESHIRE,Standard,Addition,52.2348240000,0.4077800000
285000,2010-10-22 00:00:00Z,CB8 8AU,Detached,Established,Freehold,6,,DOWNING CLOSE,,NEWMARKET,EAST CAMBRIDGESHIRE,CAMBRIDGESHIRE,Standard,Addition,52.2364880000,0.4078580000
155000,2010-05-28 00:00:00Z,CB8 9BN,Semi-Detached,Established,Freehold,43,,GREEN ROAD,,NEWMARKET,FOREST HEATH,SUFFOLK,Standard,Addition,52.2388550000,0.4077660000
248000,2010-07-15 00:00:00Z,CB8 8DF,Detached,Established,Freehold,7,,DARWIN PLACE,,NEWMARKET,EAST CAMBRIDGESHIRE,CAMBRIDGESHIRE,Standard,Addition,52.2347460000,0.4086130000
141000,2010-04-21 00:00:00Z,CB8 9BN,Terraced,Established,Freehold,39,,GREEN ROAD,,NEWMARKET,FOREST HEATH,SUFFOLK,Standard,Addition,52.2388550000,0.4077660000
249995,2010-02-25 00:00:00Z,CB8 9BA,Semi-Detached,Established,Freehold,36,,GREEN ROAD,,NEWMARKET,FOREST HEATH,SUFFOLK,Standard,Addition,52.2391730000,0.4071680000
220000,2010-09-10 00:00:00Z,CB8 9AY,Semi-Detached,Established,Freehold,53,,THE AVENUE,,NEWMARKET,FOREST HEATH,SUFFOLK,Standard,Addition,52.2399090000,0.4067080000
127500,2010-07-30 00:00:00Z,CB8 9BG,Flats/Maisonettes,Established,Leasehold,25,,CROCKFORDS ROAD,,NEWMARKET,EAST CAMBRIDGESHIRE,CAMBRIDGESHIRE,Standard,Addition,52.2371370000,0.4059430000
495000,2010-01-15 00:00:00Z,CB8 9AY,Detached,Established,Freehold,25,,THE AVENUE,,NEWMARKET,FOREST HEATH,SUFFOLK,Standard,Addition,52.2399090000,0.4067080000
315000,2010-08-27 00:00:00Z,CB8 9BE,Detached,Established,Freehold,5,,PADDOCKS DRIVE,,NEWMARKET,FOREST HEATH,SUFFOLK,Standard,Addition,52.2371310000,0.4036740000
190000,2010-02-12 00:00:00Z,CB8 9BN,Semi-Detached,Established,Freehold,59,,GREEN ROAD,,NEWMARKET,FOREST HEATH,SUFFOLK,Standard,Addition,52.2388550000,0.4077660000
120000,2011-08-22 00:00:00Z,CB8 9BG,Flats/Maisonettes,Established,Leasehold,6,,CROCKFORDS ROAD,,NEWMARKET,EAST CAMBRIDGESHIRE,CAMBRIDGESHIRE,Standard,Addition,52.2371370000,0.4059430000
667000,2011-01-18 00:00:00Z,CB8 9DT,Detached,Established,Freehold,4,,ROBIN HATCH,,NEWMARKET,EAST CAMBRIDGESHIRE,CAMBRIDGESHIRE,Standard,Addition,52.2360750000,0.4060780000
137500,2011-01-14 00:00:00Z,CB8 8AU,Detached,Established,Freehold,4,,DOWNING CLOSE,,NEWMARKET,EAST CAMBRIDGESHIRE,CAMBRIDGESHIRE,Standard,Addition,52.2364880000,0.4078580000
350000,2011-11-25 00:00:00Z,CB8 8BJ,Detached,Established,Freehold,5,,TRINITY DRIVE,,NEWMARKET,EAST CAMBRIDGESHIRE,CAMBRIDGESHIRE,Standard,Addition,52.2374470000,0.4084810000
57500,2011-12-21 00:00:00Z,CB8 8GJ,Flats/Maisonettes,Established,Leasehold,19,,GREEN ROAD,,NEWMARKET,FOREST HEATH,SUFFOLK,Standard,Addition,52.2395620000,0.4088300000
335000,2011-04-13 00:00:00Z,CB8 8DD,Detached,Established,Freehold,7,,SELWYN CLOSE,,NEWMARKET,EAST CAMBRIDGESHIRE,CAMBRIDGESHIRE,Standard,Addition,52.2347380000,0.4063860000
260000,2011-06-30 00:00:00Z,CB8 9BL,Detached,Established,Leasehold,CORONATION COURT,2,GREEN ROAD,,NEWMARKET,FOREST HEATH,SUFFOLK,Standard,Addition,52.2386610000,0.4062330000
270000,2011-03-14 00:00:00Z,CB8 8AT,Semi-Detached,Established,Freehold,7,,PETERHOUSE DRIVE,,NEWMARKET,EAST CAMBRIDGESHIRE,CAMBRIDGESHIRE,Standard,Addition,52.2360540000,0.4071170000
417000,2011-09-22 00:00:00Z,CB8 9BB,Detached,Established,Freehold,9,,STATION APPROACH,,NEWMARKET,FOREST HEATH,SUFFOLK,Standard,Addition,52.2388350000,0.4056710000
335000,2011-11-11 00:00:00Z,CB8 9BE,Detached,Established,Freehold,27,,PADDOCKS DRIVE,,NEWMARKET,FOREST HEATH,SUFFOLK,Standard,Addition,52.2371310000,0.4036740000
305000,2011-12-09 00:00:00Z,CB8 8DD,Detached,Established,Freehold,39,,SELWYN CLOSE,,NEWMARKET,EAST CAMBRIDGESHIRE,CAMBRIDGESHIRE,Standard,Addition,52.2347380000,0.4063860000
155000,2011-09-12 00:00:00Z,CB8 9BG,Terraced,Established,Freehold,14,,CROCKFORDS ROAD,,NEWMARKET,EAST CAMBRIDGESHIRE,CAMBRIDGESHIRE,Standard,Addition,52.2371370000,0.4059430000
240000,2011-06-30 00:00:00Z,CB8 8DD,Semi-Detached,Established,Freehold,31,,SELWYN CLOSE,,NEWMARKET,EAST CAMBRIDGESHIRE,CAMBRIDGESHIRE,Standard,Addition,52.2347380000,0.4063860000
265000,2012-08-01 00:00:00Z,CB8 8BH,Semi-Detached,Established,Freehold,14,,CLARE PLACE,,NEWMARKET,EAST CAMBRIDGESHIRE,CAMBRIDGESHIRE,Standard,Addition,52.2379030000,0.4094720000
286000,2012-11-30 00:00:00Z,CB8 8AT,Detached,Established,Freehold,29,,PETERHOUSE DRIVE,,NEWMARKET,EAST CAMBRIDGESHIRE,CAMBRIDGESHIRE,Standard,Addition,52.2360540000,0.4071170000
105000,2012-03-16 00:00:00Z,CB8 8GJ,Flats/Maisonettes,Established,Leasehold,23,,GREEN ROAD,,NEWMARKET,FOREST HEATH,SUFFOLK,Standard,Addition,52.2395620000,0.4088300000
247000,2012-04-05 00:00:00Z,CB8 8BH,Detached,Established,Freehold,4,,CLARE PLACE,,NEWMARKET,EAST CAMBRIDGESHIRE,CAMBRIDGESHIRE,Standard,Addition,52.2379030000,0.4094720000
325000,2012-08-30 00:00:00Z,CB8 8DD,Detached,Established,Freehold,33,,SELWYN CLOSE,,NEWMARKET,EAST CAMBRIDGESHIRE,CAMBRIDGESHIRE,Standard,Addition,52.2347380000,0.4063860000
190000,2012-09-27 00:00:00Z,CB8 8BL,Semi-Detached,Established,Freehold,20,,ST JOHNS AVENUE,,NEWMARKET,EAST CAMBRIDGESHIRE,CAMBRIDGESHIRE,Standard,Addition,52.2373540000,0.4095010000
267000,2012-03-08 00:00:00Z,CB8 9BQ,Semi-Detached,Established,Freehold,27,,WOODDITTON ROAD,,NEWMARKET,EAST CAMBRIDGESHIRE,CAMBRIDGESHIRE,Standard,Addition,52.2340400000,0.4044590000
355000,2013-12-05 00:00:00Z,CB8 9BE,Detached,Established,Freehold,14,,PADDOCKS DRIVE,,NEWMARKET,FOREST HEATH,SUFFOLK,Standard,Addition,52.2371310000,0.4036740000
231250,2013-11-13 00:00:00Z,CB8 8DE,Detached,Established,Freehold,55,,ST JOHNS AVENUE,,NEWMARKET,EAST CAMBRIDGESHIRE,CAMBRIDGESHIRE,Standard,Addition,52.2348240000,0.4077800000
400000,2013-11-13 00:00:00Z,CB8 9BQ,Detached,Established,Freehold,31,,WOODDITTON ROAD,,NEWMARKET,EAST CAMBRIDGESHIRE,CAMBRIDGESHIRE,Standard,Addition,52.2340400000,0.4044590000
142500,2013-05-31 00:00:00Z,CB8 9BN,Terraced,Established,Freehold,41,,GREEN ROAD,,NEWMARKET,FOREST HEATH,SUFFOLK,Standard,Addition,52.2388550000,0.4077660000
499000,2013-03-27 00:00:00Z,CB8 9BQ,Detached,Established,Freehold,29,,WOODDITTON ROAD,,NEWMARKET,EAST CAMBRIDGESHIRE,CAMBRIDGESHIRE,Standard,Addition,52.2340400000,0.4044590000
250000,2013-03-20 00:00:00Z,CB8 8DE,Detached,Established,Freehold,56,,ST JOHNS AVENUE,,NEWMARKET,EAST CAMBRIDGESHIRE,CAMBRIDGESHIRE,Standard,Addition,52.2348240000,0.4077800000
357000,2013-07-05 00:00:00Z,CB8 9BB,Detached,Established,Freehold,11,,STATION APPROACH,,NEWMARKET,FOREST HEATH,SUFFOLK,Standard,Addition,52.2388350000,0.4056710000
155000,2013-10-04 00:00:00Z,CB8 9BN,Terraced,Established,Freehold,39,,GREEN ROAD,,NEWMARKET,FOREST HEATH,SUFFOLK,Standard,Addition,52.2388550000,0.4077660000
144500,2013-07-19 00:00:00Z,CB8 9BG,Terraced,Established,Freehold,70,,CROCKFORDS ROAD,,NEWMARKET,EAST CAMBRIDGESHIRE,CAMBRIDGESHIRE,Standard,Addition,52.2371370000,0.4059430000
342500,2013-10-25 00:00:00Z,CB8 9BE,Detached,Established,Freehold,4,,PADDOCKS DRIVE,,NEWMARKET,FOREST HEATH,SUFFOLK,Standard,Addition,52.2371310000,0.4036740000
326500,2013-07-15 00:00:00Z,CB8 9BB,Detached,Established,Freehold,3,,STATION APPROACH,,NEWMARKET,FOREST HEATH,SUFFOLK,Standard,Addition,52.2388350000,0.4056710000
205000,2013-03-25 00:00:00Z,CB8 9BN,Semi-Detached,Established,Freehold,53,,GREEN ROAD,,NEWMARKET,FOREST HEATH,SUFFOLK,Standard,Addition,52.2388550000,0.4077660000
318500,2013-02-01 00:00:00Z,CB8 9BE,Detached,Established,Freehold,17,,PADDOCKS DRIVE,,NEWMARKET,FOREST HEATH,SUFFOLK,Standard,Addition,52.2371310000,0.4036740000
250000,2013-12-18 00:00:00Z,CB8 8DE,Detached,Established,Freehold,87,,ST JOHNS AVENUE,,NEWMARKET,EAST CAMBRIDGESHIRE,CAMBRIDGESHIRE,Standard,Addition,52.2348240000,0.4077800000
267000,2013-09-12 00:00:00Z,CB8 8DF,Detached,Established,Freehold,3,,DARWIN PLACE,,NEWMARKET,EAST CAMBRIDGESHIRE,CAMBRIDGESHIRE,Standard,Addition,52.2347460000,0.4086130000
247000,2014-10-22 00:00:00Z,CB8 9BN,Terraced,Established,Freehold,37,,GREEN ROAD,,NEWMARKET,FOREST HEATH,SUFFOLK,Standard,Addition,52.2388550000,0.4077660000
499995,2014-12-22 00:00:00Z,CB8 9BB,Detached,Established,Freehold,9,,STATION APPROACH,,NEWMARKET,FOREST HEATH,SUFFOLK,Standard,Addition,52.2388350000,0.4056710000
272500,2014-08-08 00:00:00Z,CB8 8AU,Detached,Established,Freehold,7,,DOWNING CLOSE,,NEWMARKET,EAST CAMBRIDGESHIRE,CAMBRIDGESHIRE,Standard,Addition,52.2364880000,0.4078580000
350000,2014-12-30 00:00:00Z,CB8 8DQ,Detached,Established,Freehold,4,,GIRTON CLOSE,,NEWMARKET,EAST CAMBRIDGESHIRE,CAMBRIDGESHIRE,Standard,Addition,52.2350940000,0.4087490000
363500,2014-03-31 00:00:00Z,CB8 9BG,Detached,Established,Freehold,88,,CROCKFORDS ROAD,,NEWMARKET,EAST CAMBRIDGESHIRE,CAMBRIDGESHIRE,Standard,Addition,52.2371370000,0.4059430000
185001,2014-07-09 00:00:00Z,CB8 9BG,Terraced,Established,Freehold,12,,CROCKFORDS ROAD,,NEWMARKET,EAST CAMBRIDGESHIRE,CAMBRIDGESHIRE,Standard,Addition,52.2371370000,0.4059430000
380000,2014-06-09 00:00:00Z,CB8 9BB,Detached,Established,Freehold,1,,STATION APPROACH,,NEWMARKET,FOREST HEATH,SUFFOLK,Standard,Addition,52.2388350000,0.4056710000
382000,2014-05-29 00:00:00Z,CB8 8DE,Detached,Established,Freehold,37,,ST JOHNS AVENUE,,NEWMARKET,EAST CAMBRIDGESHIRE,CAMBRIDGESHIRE,Standard,Addition,52.2348240000,0.4077800000
140000,2014-12-19 00:00:00Z,CB8 9AY,Flats/Maisonettes,Established,Leasehold,TATTERSALLS CRESCENT,FLAT 14,THE AVENUE,,NEWMARKET,FOREST HEATH,SUFFOLK,Standard,Addition,52.2399090000,0.4067080000
350000,2014-07-01 00:00:00Z,CB8 8DD,Detached,Established,Freehold,22,,SELWYN CLOSE,,NEWMARKET,EAST CAMBRIDGESHIRE,CAMBRIDGESHIRE,Standard,Addition,52.2347380000,0.4063860000
325000,2014-09-05 00:00:00Z,CB8 9BQ,Semi-Detached,Established,Freehold,39,,WOODDITTON ROAD,,NEWMARKET,EAST CAMBRIDGESHIRE,CAMBRIDGESHIRE,Standard,Addition,52.2340400000,0.4044590000
370000,2014-08-06 00:00:00Z,CB8 8DD,Detached,Established,Freehold,33,,SELWYN CLOSE,,NEWMARKET,EAST CAMBRIDGESHIRE,CAMBRIDGESHIRE,Standard,Addition,52.2347380000,0.4063860000
230000,2014-07-09 00:00:00Z,CB8 9BQ,Semi-Detached,Established,Freehold,33,,WOODDITTON ROAD,,NEWMARKET,EAST CAMBRIDGESHIRE,CAMBRIDGESHIRE,Standard,Addition,52.2340400000,0.4044590000
290000,2014-09-19 00:00:00Z,CB8 9BE,Detached,Established,Freehold,16,,PADDOCKS DRIVE,,NEWMARKET,FOREST HEATH,SUFFOLK,Standard,Addition,52.2371310000,0.4036740000
750000,2014-02-05 00:00:00Z,CB8 9BG,Detached,Established,Freehold,81,,CROCKFORDS ROAD,,NEWMARKET,EAST CAMBRIDGESHIRE,CAMBRIDGESHIRE,Standard,Addition,52.2371370000,0.4059430000
330000,2015-03-13 00:00:00Z,CB8 8DF,Detached,Established,Freehold,9,,DARWIN PLACE,,NEWMARKET,EAST CAMBRIDGESHIRE,CAMBRIDGESHIRE,Standard,Addition,52.2347460000,0.4086130000
305000,2015-03-06 00:00:00Z,CB8 8AT,Detached,Established,Freehold,3,,PETERHOUSE DRIVE,,NEWMARKET,EAST CAMBRIDGESHIRE,CAMBRIDGESHIRE,Standard,Addition,52.2360540000,0.4071170000
375000,2015-05-06 00:00:00Z,CB8 8AU,Detached,Established,Freehold,5,,DOWNING CLOSE,,NEWMARKET,EAST CAMBRIDGESHIRE,CAMBRIDGESHIRE,Standard,Addition,52.2364880000,0.4078580000
399995,2015-03-23 00:00:00Z,CB8 9AY,Semi-Detached,Established,Freehold,33,,THE AVENUE,,NEWMARKET,FOREST HEATH,SUFFOLK,Standard,Addition,52.2399090000,0.4067080000
395000,2015-12-02 00:00:00Z,CB8 8DG,Detached,Established,Freehold,4,,KINGS DRIVE,,NEWMARKET,EAST CAMBRIDGESHIRE,CAMBRIDGESHIRE,Standard,Addition,52.2351610000,0.4094120000
276000,2015-05-15 00:00:00Z,CB8 9BN,Detached,Established,Freehold,31,,GREEN ROAD,,NEWMARKET,FOREST HEATH,SUFFOLK,Standard,Addition,52.2388550000,0.4077660000
240000,2015-04-24 00:00:00Z,CB8 8BH,Semi-Detached,Established,Freehold,8,,CLARE PLACE,,NEWMARKET,EAST CAMBRIDGESHIRE,CAMBRIDGESHIRE,Standard,Addition,52.2379030000,0.4094720000
201000,2015-05-08 00:00:00Z,CB8 9BN,Semi-Detached,Established,Freehold,35,,GREEN ROAD,,NEWMARKET,FOREST HEATH,SUFFOLK,Standard,Addition,52.2388550000,0.4077660000
400000,2015-09-24 00:00:00Z,CB8 8DE,Detached,Established,Freehold,37,,ST JOHNS AVENUE,,NEWMARKET,EAST CAMBRIDGESHIRE,CAMBRIDGESHIRE,Standard,Addition,52.2348240000,0.4077800000
285000,2015-08-21 00:00:00Z,CB8 8BJ,Detached,Established,Freehold,16,,TRINITY DRIVE,,NEWMARKET,EAST CAMBRIDGESHIRE,CAMBRIDGESHIRE,Standard,Addition,52.2374470000,0.4084810000
178775,2015-08-12 00:00:00Z,CB8 9BN,Terraced,Established,Freehold,39,,GREEN ROAD,,NEWMARKET,FOREST HEATH,SUFFOLK,Standard,Addition,52.2388550000,0.4077660000
60000,2015-06-30 00:00:00Z,CB8 8GJ,Flats/Maisonettes,Established,Leasehold,29,,GREEN ROAD,,NEWMARKET,FOREST HEATH,SUFFOLK,Standard,Addition,52.2395620000,0.4088300000
190000,2015-04-30 00:00:00Z,CB8 9BN,Semi-Detached,Established,Freehold,35,,GREEN ROAD,,NEWMARKET,FOREST HEATH,SUFFOLK,Additional,Addition,52.2388550000,0.4077660000
199000,2015-06-25 00:00:00Z,CB8 9BL,Flats/Maisonettes,Established,Leasehold,CORONATION COURT,3,GREEN ROAD,,NEWMARKET,FOREST HEATH,SUFFOLK,Standard,Addition,52.2386610000,0.4062330000
835000,2015-10-17 00:00:00Z,CB8 9DT,Detached,Established,Freehold,2,,ROBIN HATCH,,NEWMARKET,EAST CAMBRIDGESHIRE,CAMBRIDGESHIRE,Standard,Addition,52.2360750000,0.4060780000
471250,2016-06-03 00:00:00Z,CB8 9BG,Semi-Detached,Established,Freehold,92,,CROCKFORDS ROAD,,NEWMARKET,EAST CAMBRIDGESHIRE,CAMBRIDGESHIRE,Standard,Addition,52.2371370000,0.4059430000
383000,2016-07-12 00:00:00Z,CB8 8DD,Detached,Established,Freehold,29,,SELWYN CLOSE,,NEWMARKET,EAST CAMBRIDGESHIRE,CAMBRIDGESHIRE,Standard,Addition,52.2347380000,0.4063860000
412000,2016-08-01 00:00:00Z,CB8 8DD,Detached,Established,Freehold,5,,SELWYN CLOSE,,NEWMARKET,EAST CAMBRIDGESHIRE,CAMBRIDGESHIRE,Standard,Addition,52.2347380000,0.4063860000
60000,2016-05-20 00:00:00Z,CB8 8GJ,Flats/Maisonettes,Established,Leasehold,19,,GREEN ROAD,,NEWMARKET,FOREST HEATH,SUFFOLK,Standard,Addition,52.2395620000,0.4088300000
400000,2016-07-01 00:00:00Z,CB8 9BE,Detached,Established,Freehold,5,,PADDOCKS DRIVE,,NEWMARKET,FOREST HEATH,SUFFOLK,Standard,Addition,52.2371310000,0.4036740000
198000,2016-03-24 00:00:00Z,CB8 9BL,Flats/Maisonettes,Established,Leasehold,CORONATION COURT,4,GREEN ROAD,,NEWMARKET,FOREST HEATH,SUFFOLK,Standard,Addition,52.2386610000,0.4062330000
315000,2016-01-06 00:00:00Z,CB8 8BH,Semi-Detached,Established,Freehold,8,,CLARE PLACE,,NEWMARKET,EAST CAMBRIDGESHIRE,CAMBRIDGESHIRE,Standard,Addition,52.2379030000,0.4094720000
199995,2016-01-18 00:00:00Z,CB8 9BG,Terraced,Established,Freehold,24,,CROCKFORDS ROAD,,NEWMARKET,EAST CAMBRIDGESHIRE,CAMBRIDGESHIRE,Standard,Addition,52.2371370000,0.4059430000
32000,2016-12-30 00:00:00Z,CB8 9BL,Other,Established,Freehold,CORONATION COURT,1,GREEN ROAD,,NEWMARKET,FOREST HEATH,SUFFOLK,Additional,Addition,52.2386610000,0.4062330000
315000,2016-11-25 00:00:00Z,CB8 9BG,Detached,Established,Freehold,33,,CROCKFORDS ROAD,,NEWMARKET,EAST CAMBRIDGESHIRE,CAMBRIDGESHIRE,Standard,Addition,52.2371370000,0.4059430000
395000,2016-04-29 00:00:00Z,CB8 9BG,Semi-Detached,Established,Freehold,86,,CROCKFORDS ROAD,,NEWMARKET,EAST CAMBRIDGESHIRE,CAMBRIDGESHIRE,Standard,Addition,52.2371370000,0.4059430000
210000,2016-05-20 00:00:00Z,CB8 9BG,Terraced,Established,Freehold,28,,CROCKFORDS ROAD,,NEWMARKET,EAST CAMBRIDGESHIRE,CAMBRIDGESHIRE,Standard,Addition,52.2371370000,0.4059430000
460000,2016-12-02 00:00:00Z,CB8 9BE,Detached,Established,Freehold,27,,PADDOCKS DRIVE,,NEWMARKET,FOREST HEATH,SUFFOLK,Standard,Addition,52.2371310000,0.4036740000
220000,2016-03-09 00:00:00Z,CB8 9BL,Flats/Maisonettes,Established,Leasehold,CORONATION COURT,7,GREEN ROAD,,NEWMARKET,FOREST HEATH,SUFFOLK,Standard,Addition,52.2386610000,0.4062330000
213000,2016-02-09 00:00:00Z,CB8 9BG,Terraced,Established,Freehold,38,,CROCKFORDS ROAD,,NEWMARKET,EAST CAMBRIDGESHIRE,CAMBRIDGESHIRE,Standard,Addition,52.2371370000,0.4059430000
371000,2016-09-30 00:00:00Z,CB8 9BE,Detached,Established,Freehold,3,,PADDOCKS DRIVE,,NEWMARKET,FOREST HEATH,SUFFOLK,Standard,Addition,52.2371310000,0.4036740000
345000,2016-03-24 00:00:00Z,CB8 9BA,Semi-Detached,Established,Freehold,40,,GREEN ROAD,,NEWMARKET,FOREST HEATH,SUFFOLK,Standard,Addition,52.2391730000,0.4071680000
425000,2016-06-17 00:00:00Z,CB8 8DG,Detached,Established,Freehold,15,,KINGS DRIVE,,NEWMARKET,EAST CAMBRIDGESHIRE,CAMBRIDGESHIRE,Standard,Addition,52.2351610000,0.4094120000
360000,2016-05-12 00:00:00Z,CB8 8DE,Semi-Detached,Established,Freehold,51,,ST JOHNS AVENUE,,NEWMARKET,EAST CAMBRIDGESHIRE,CAMBRIDGESHIRE,Standard,Addition,52.2348240000,0.4077800000
270000,2017-07-27 00:00:00Z,CB8 9BG,Terraced,Established,Freehold,68,,CROCKFORDS ROAD,,NEWMARKET,EAST CAMBRIDGESHIRE,CAMBRIDGESHIRE,Standard,Addition,52.2371370000,0.4059430000
250000,2017-08-25 00:00:00Z,CB8 9BG,Terraced,Established,Freehold,34,,CROCKFORDS ROAD,,NEWMARKET,EAST CAMBRIDGESHIRE,CAMBRIDGESHIRE,Standard,Addition,52.2371370000,0.4059430000
340000,2017-09-08 00:00:00Z,CB8 8BQ,Detached,Established,Freehold,9,,PEMBROKE CLOSE,,NEWMARKET,EAST CAMBRIDGESHIRE,CAMBRIDGESHIRE,Standard,Addition,52.2381610000,0.4087390000
400000,2017-11-21 00:00:00Z,CB8 9BJ,Semi-Detached,Established,Freehold,22,,WOODDITTON ROAD,,NEWMARKET,EAST CAMBRIDGESHIRE,CAMBRIDGESHIRE,Standard,Addition,52.2345880000,0.4031270000
380000,2017-01-26 00:00:00Z,CB8 9BE,Detached,Established,Freehold,19,,PADDOCKS DRIVE,,NEWMARKET,FOREST HEATH,SUFFOLK,Standard,Addition,52.2371310000,0.4036740000
270000,2017-05-31 00:00:00Z,CB8 8BQ,Semi-Detached,Established,Freehold,17,,PEMBROKE CLOSE,,NEWMARKET,EAST CAMBRIDGESHIRE,CAMBRIDGESHIRE,Standard,Addition,52.2381610000,0.4087390000
325000,2017-02-10 00:00:00Z,CB8 8BL,Semi-Detached,Established,Freehold,10,,ST JOHNS AVENUE,,NEWMARKET,EAST CAMBRIDGESHIRE,CAMBRIDGESHIRE,Standard,Addition,52.2373540000,0.4095010000
279000,2017-09-15 00:00:00Z,CB8 8BQ,Semi-Detached,Established,Freehold,15,,PEMBROKE CLOSE,,NEWMARKET,EAST CAMBRIDGESHIRE,CAMBRIDGESHIRE,Standard,Addition,52.2381610000,0.4087390000
350000,2017-04-13 00:00:00Z,CB8 8DD,Semi-Detached,Established,Freehold,31,,SELWYN CLOSE,,NEWMARKET,EAST CAMBRIDGESHIRE,CAMBRIDGESHIRE,Standard,Addition,52.2347380000,0.4063860000
220000,2017-05-05 00:00:00Z,CB8 8BQ,Detached,Established,Freehold,9,,PEMBROKE CLOSE,,NEWMARKET,EAST CAMBRIDGESHIRE,CAMBRIDGESHIRE,Standard,Addition,52.2381610000,0.4087390000
500000,2017-04-27 00:00:00Z,CB8 9BG,Detached,Established,Freehold,74A,,CROCKFORDS ROAD,,NEWMARKET,EAST CAMBRIDGESHIRE,CAMBRIDGESHIRE,Standard,Addition,52.2371370000,0.4059430000
315000,2017-03-17 00:00:00Z,CB8 8BH,Detached,Established,Freehold,18,,CLARE PLACE,,NEWMARKET,EAST CAMBRIDGESHIRE,CAMBRIDGESHIRE,Standard,Addition,52.2379030000,0.4094720000
267000,2017-01-27 00:00:00Z,CB8 9AY,Semi-Detached,Established,Freehold,55,,THE AVENUE,,NEWMARKET,FOREST HEATH,SUFFOLK,Standard,Addition,52.2399090000,0.4067080000
275000,2018-07-03 00:00:00Z,CB8 8BJ,Semi-Detached,Established,Freehold,12,,TRINITY DRIVE,,NEWMARKET,EAST CAMBRIDGESHIRE,CAMBRIDGESHIRE,Standard,Addition,52.2374470000,0.4084810000
340000,2018-10-26 00:00:00Z,CB8 8AT,Detached,Established,Freehold,25,,PETERHOUSE DRIVE,,NEWMARKET,EAST CAMBRIDGESHIRE,CAMBRIDGESHIRE,Standard,Addition,52.2360540000,0.4071170000
355000,2018-08-21 00:00:00Z,CB8 8DE,Detached,Established,Freehold,83,,ST JOHNS AVENUE,,NEWMARKET,EAST CAMBRIDGESHIRE,CAMBRIDGESHIRE,Standard,Addition,52.2348240000,0.4077800000
450000,2018-09-28 00:00:00Z,CB8 9BE,Detached,Established,Freehold,6,,PADDOCKS DRIVE,,NEWMARKET,FOREST HEATH,SUFFOLK,Standard,Addition,52.2371310000,0.4036740000
240000,2018-11-30 00:00:00Z,CB8 9BG,Terraced,Established,Freehold,10,,CROCKFORDS ROAD,,NEWMARKET,EAST CAMBRIDGESHIRE,CAMBRIDGESHIRE,Standard,Addition,52.2371370000,0.4059430000
465000,2018-04-13 00:00:00Z,CB8 8DD,Detached,Established,Freehold,23,,SELWYN CLOSE,,NEWMARKET,EAST CAMBRIDGESHIRE,CAMBRIDGESHIRE,Standard,Addition,52.2347380000,0.4063860000
489000,2018-05-25 00:00:00Z,CB8 8DG,Detached,Established,Freehold,2,,KINGS DRIVE,,NEWMARKET,EAST CAMBRIDGESHIRE,CAMBRIDGESHIRE,Standard,Addition,52.2351610000,0.4094120000
335000,2018-05-18 00:00:00Z,CB8 8AT,Detached,Established,Freehold,21,,PETERHOUSE DRIVE,,NEWMARKET,EAST CAMBRIDGESHIRE,CAMBRIDGESHIRE,Standard,Addition,52.2360540000,0.4071170000
175000,2018-01-31 00:00:00Z,CB8 9AY,Flats/Maisonettes,Established,Leasehold,TATTERSALL CRESCENT,FLAT 15,THE AVENUE,,NEWMARKET,FOREST HEATH,SUFFOLK,Standard,Addition,52.2399090000,0.4067080000
320000,2018-11-27 00:00:00Z,CB8 9BA,Semi-Detached,Established,Freehold,32,,GREEN ROAD,,NEWMARKET,FOREST HEATH,SUFFOLK,Standard,Addition,52.2391730000,0.4071680000
450000,2019-01-18 00:00:00Z,CB8 8AT,Detached,Established,Freehold,29,,PETERHOUSE DRIVE,,NEWMARKET,EAST CAMBRIDGESHIRE,CAMBRIDGESHIRE,Additional,Addition,52.2360540000,0.4071170000
435000,2019-11-08 00:00:00Z,CB8 9BE,Detached,Established,Freehold,17,,PADDOCKS DRIVE,,NEWMARKET,WEST SUFFOLK,SUFFOLK,Standard,Addition,52.2371310000,0.4036740000
345000,2019-11-29 00:00:00Z,CB8 8BH,Semi-Detached,Established,Freehold,8,,CLARE PLACE,,NEWMARKET,EAST CAMBRIDGESHIRE,CAMBRIDGESHIRE,Standard,Addition,52.2379030000,0.4094720000
430000,2019-09-23 00:00:00Z,CB8 9BB,Detached,Established,Freehold,11A,,STATION APPROACH,,NEWMARKET,WEST SUFFOLK,SUFFOLK,Standard,Addition,52.2388350000,0.4056710000
268000,2019-10-14 00:00:00Z,CB8 8DE,Detached,Established,Freehold,89,,ST JOHNS AVENUE,,NEWMARKET,EAST CAMBRIDGESHIRE,CAMBRIDGESHIRE,Standard,Addition,52.2348240000,0.4077800000
495000,2019-08-28 00:00:00Z,CB8 9BG,Semi-Detached,Established,Freehold,102,,CROCKFORDS ROAD,,NEWMARKET,EAST CAMBRIDGESHIRE,CAMBRIDGESHIRE,Standard,Addition,52.2371370000,0.4059430000
234500,2019-08-09 00:00:00Z,CB8 9BG,Terraced,Established,Freehold,40,,CROCKFORDS ROAD,,NEWMARKET,EAST CAMBRIDGESHIRE,CAMBRIDGESHIRE,Standard,Addition,52.2371370000,0.4059430000
395000,2019-07-22 00:00:00Z,CB8 9BA,Semi-Detached,Established,Freehold,30,,GREEN ROAD,,NEWMARKET,WEST SUFFOLK,SUFFOLK,Standard,Addition,52.2391730000,0.4071680000
225000,2019-02-08 00:00:00Z,CB8 9BL,Flats/Maisonettes,Established,Leasehold,CORONATION COURT,3,GREEN ROAD,,NEWMARKET,FOREST HEATH,SUFFOLK,Standard,Addition,52.2386610000,0.4062330000
412500,2019-07-26 00:00:00Z,CB8 8DE,Detached,Established,Freehold,45,,ST JOHNS AVENUE,,NEWMARKET,EAST CAMBRIDGESHIRE,CAMBRIDGESHIRE,Standard,Addition,52.2348240000,0.4077800000
447500,2020-11-09 00:00:00Z,CB8 8DE,Detached,Established,Freehold,49,,ST JOHNS AVENUE,,NEWMARKET,EAST CAMBRIDGESHIRE,CAMBRIDGESHIRE,Standard,Addition,52.2348240000,0.4077800000
425000,2020-12-04 00:00:00Z,CB8 8DG,Detached,Established,Freehold,3,,KINGS DRIVE,,NEWMARKET,EAST CAMBRIDGESHIRE,CAMBRIDGESHIRE,Standard,Addition,52.2351610000,0.4094120000
430000,2020-12-09 00:00:00Z,CB8 9BQ,Semi-Detached,Established,Freehold,23,,WOODDITTON ROAD,,NEWMARKET,EAST CAMBRIDGESHIRE,CAMBRIDGESHIRE,Standard,Addition,52.2340400000,0.4044590000
150000,2020-02-14 00:00:00Z,CB8 9BG,Flats/Maisonettes,Established,Leasehold,25,,CROCKFORDS ROAD,,NEWMARKET,EAST CAMBRIDGESHIRE,CAMBRIDGESHIRE,Standard,Addition,52.2371370000,0.4059430000
285000,2020-07-31 00:00:00Z,CB8 9AY,Detached,Established,Freehold,57,,THE AVENUE,,NEWMARKET,WEST SUFFOLK,SUFFOLK,Standard,Addition,52.2399090000,0.4067080000
435000,2020-09-07 00:00:00Z,CB8 8DD,Detached,Established,Freehold,22,,SELWYN CLOSE,,NEWMARKET,EAST CAMBRIDGESHIRE,CAMBRIDGESHIRE,Standard,Addition,52.2347380000,0.4063860000
507000,2020-07-29 00:00:00Z,CB8 9BQ,Detached,Established,Freehold,41,,WOODDITTON ROAD,,NEWMARKET,EAST CAMBRIDGESHIRE,CAMBRIDGESHIRE,Standard,Addition,52.2340400000,0.4044590000
437500,2021-06-21 00:00:00Z,CB8 8AT,Detached,Established,Freehold,29,,PETERHOUSE DRIVE,,NEWMARKET,EAST CAMBRIDGESHIRE,CAMBRIDGESHIRE,Standard,Addition,52.2360540000,0.4071170000
235000,2021-02-12 00:00:00Z,CB8 9BG,Terraced,Established,Freehold,26,,CROCKFORDS ROAD,,NEWMARKET,EAST CAMBRIDGESHIRE,CAMBRIDGESHIRE,Standard,Addition,52.2371370000,0.4059430000
450000,2021-09-10 00:00:00Z,CB8 8DD,Detached,Established,Freehold,39,,SELWYN CLOSE,,NEWMARKET,EAST CAMBRIDGESHIRE,CAMBRIDGESHIRE,Standard,Addition,52.2347380000,0.4063860000
465000,2021-08-09 00:00:00Z,CB8 8DD,Detached,Established,Freehold,23,,SELWYN CLOSE,,NEWMARKET,EAST CAMBRIDGESHIRE,CAMBRIDGESHIRE,Standard,Addition,52.2347380000,0.4063860000
520000,2021-01-26 00:00:00Z,CB8 8DD,Detached,Established,Freehold,18,,SELWYN CLOSE,,NEWMARKET,EAST CAMBRIDGESHIRE,CAMBRIDGESHIRE,Standard,Addition,52.2347380000,0.4063860000
529000,2021-06-21 00:00:00Z,CB8 8DD,Detached,Established,Freehold,10,,SELWYN CLOSE,,NEWMARKET,EAST CAMBRIDGESHIRE,CAMBRIDGESHIRE,Standard,Addition,52.2347380000,0.4063860000
400000,2021-06-18 00:00:00Z,CB8 8DQ,Detached,Established,Freehold,6,,GIRTON CLOSE,,NEWMARKET,EAST CAMBRIDGESHIRE,CAMBRIDGESHIRE,Standard,Addition,52.2350940000,0.4087490000
190000,2021-05-14 00:00:00Z,CB8 9AY,Flats/Maisonettes,Established,Leasehold,TATTERSALL CRESCENT,FLAT 9,THE AVENUE,,NEWMARKET,WEST SUFFOLK,SUFFOLK,Standard,Addition,52.2399090000,0.4067080000
495000,2021-06-29 00:00:00Z,CB8 9BB,Detached,Established,Freehold,CORONATION LODGE,,STATION APPROACH,,NEWMARKET,WEST SUFFOLK,SUFFOLK,Standard,Addition,52.2388350000,0.4056710000
255000,2021-12-03 00:00:00Z,CB8 9BG,Terraced,Established,Freehold,28,,CROCKFORDS ROAD,,NEWMARKET,EAST CAMBRIDGESHIRE,CAMBRIDGESHIRE,Standard,Addition,52.2371370000,0.4059430000
392500,2021-03-03 00:00:00Z,CB8 8DE,Semi-Detached,Established,Freehold,51,,ST JOHNS AVENUE,,NEWMARKET,EAST CAMBRIDGESHIRE,CAMBRIDGESHIRE,Standard,Addition,52.2348240000,0.4077800000
145000,2021-02-25 00:00:00Z,CB8 9BG,Flats/Maisonettes,Established,Leasehold,2,,CROCKFORDS ROAD,,NEWMARKET,EAST CAMBRIDGESHIRE,CAMBRIDGESHIRE,Standard,Addition,52.2371370000,0.4059430000
465000,2021-01-18 00:00:00Z,CB8 8DD,Detached,Established,Freehold,7,,SELWYN CLOSE,,NEWMARKET,EAST CAMBRIDGESHIRE,CAMBRIDGESHIRE,Standard,Addition,52.2347380000,0.4063860000
260000,2021-12-21 00:00:00Z,CB8 8DD,Detached,Established,Freehold,35,,SELWYN CLOSE,,NEWMARKET,EAST CAMBRIDGESHIRE,CAMBRIDGESHIRE,Standard,Addition,52.2347380000,0.4063860000
620000,2021-10-22 00:00:00Z,CB8 9BQ,Detached,Established,Freehold,15,,WOODDITTON ROAD,,NEWMARKET,EAST CAMBRIDGESHIRE,CAMBRIDGESHIRE,Standard,Addition,52.2340400000,0.4044590000
850000,2021-03-16 00:00:00Z,CB8 9DT,Detached,Established,Freehold,4,,ROBIN HATCH,,NEWMARKET,EAST CAMBRIDGESHIRE,CAMBRIDGESHIRE,Standard,Addition,52.2360750000,0.4060780000
1185000,2021-07-29 00:00:00Z,CB8 9BG,Detached,Established,Freehold,"WINDERMERE, 83",,CROCKFORDS ROAD,,NEWMARKET,EAST CAMBRIDGESHIRE,CAMBRIDGESHIRE,Standard,Addition,52.2371370000,0.4059430000
370000,2021-09-20 00:00:00Z,CB8 8DF,Detached,Established,Freehold,4,,DARWIN PLACE,,NEWMARKET,EAST CAMBRIDGESHIRE,CAMBRIDGESHIRE,Standard,Addition,52.2347460000,0.4086130000
462000,2021-09-10 00:00:00Z,CB8 8BJ,Detached,Established,Freehold,16,,TRINITY DRIVE,,NEWMARKET,EAST CAMBRIDGESHIRE,CAMBRIDGESHIRE,Standard,Addition,52.2374470000,0.4084810000
415000,2021-05-27 00:00:00Z,CB8 8DF,Detached,Established,Freehold,10,,DARWIN PLACE,,NEWMARKET,EAST CAMBRIDGESHIRE,CAMBRIDGESHIRE,Standard,Addition,52.2347460000,0.4086130000
67500,2021-04-16 00:00:00Z,CB8 8GJ,Flats/Maisonettes,Established,Leasehold,29,,GREEN ROAD,,NEWMARKET,WEST SUFFOLK,SUFFOLK,Standard,Addition,52.2395620000,0.4088300000
565000,2021-06-28 00:00:00Z,CB8 8XE,Detached,Established,Freehold,3,,DITTON CLOSE,,NEWMARKET,EAST CAMBRIDGESHIRE,CAMBRIDGESHIRE,Standard,Addition,52.2336480000,0.4064590000
950000,2021-04-27 00:00:00Z,CB8 9BB,Detached,Established,Freehold,7,,STATION APPROACH,,NEWMARKET,WEST SUFFOLK,SUFFOLK,Standard,Addition,52.2388350000,0.4056710000
740000,2021-03-22 00:00:00Z,CB8 9AY,Detached,Established,Freehold,25,,THE AVENUE,,NEWMARKET,WEST SUFFOLK,SUFFOLK,Standard,Addition,52.2399090000,0.4067080000
382000,2021-04-16 00:00:00Z,CB8 8DF,Detached,Established,Freehold,5,,DARWIN PLACE,,NEWMARKET,EAST CAMBRIDGESHIRE,CAMBRIDGESHIRE,Standard,Addition,52.2347460000,0.4086130000
465000,2021-05-27 00:00:00Z,CB8 8DD,Detached,Established,Freehold,7,,SELWYN CLOSE,,NEWMARKET,EAST CAMBRIDGESHIRE,CAMBRIDGESHIRE,Standard,Addition,52.2347380000,0.4063860000
67500,2021-06-29 00:00:00Z,CB8 8GJ,Flats/Maisonettes,Established,Leasehold,19,,GREEN ROAD,,NEWMARKET,WEST SUFFOLK,SUFFOLK,Standard,Addition,52.2395620000,0.4088300000
450000,2022-02-11 00:00:00Z,CB8 9BE,Detached,Established,Freehold,3,,PADDOCKS DRIVE,,NEWMARKET,WEST SUFFOLK,SUFFOLK,Standard,Addition,52.2371310000,0.4036740000
260000,2022-04-08 00:00:00Z,CB8 9BG,Terraced,Established,Freehold,38,,CROCKFORDS ROAD,,NEWMARKET,EAST CAMBRIDGESHIRE,CAMBRIDGESHIRE,Standard,Addition,52.2371370000,0.4059430000
260000,2022-02-03 00:00:00Z,CB8 9BG,Terraced,Established,Freehold,14,,CROCKFORDS ROAD,,NEWMARKET,EAST CAMBRIDGESHIRE,CAMBRIDGESHIRE,Standard,Addition,52.2371370000,0.4059430000
