56000,1995-11-03 00:00:00Z,TD12 4UE,Detached,Established,Freehold,FAIRVIEW,,,CORNHILL-ON-TWEED,CORNHILL-ON-TWEED,BERWICK-UPON-TWEED,NORTHUMBERLAND,Standard,Addition,55.6473880000,-2.2283470000
75000,1995-10-23 00:00:00Z,TD12 4RE,Detached,Established,Freehold,1,,OLD SCHOOL GARDENS,WARK,CORNHILL-ON-TWEED,BERWICK-UPON-TWEED,NORTHUMBERLAND,Standard,Addition,55.6409130000,-2.2789400000
60000,1995-07-27 00:00:00Z,TD12 4TS,Detached,Established,Freehold,24,,STATION GARDENS,CORNHILL-ON-TWEED,CORNHILL-ON-TWEED,BERWICK-UPON-TWEED,NORTHUMBERLAND,Standard,Addition,55.6490490000,-2.2196020000
32000,1995-04-10 00:00:00Z,TD12 4SJ,Semi-Detached,Established,Freehold,6,,MARDON FARM COTTAGE,CORNHILL-ON-TWEED,CORNHILL-ON-TWEED,BERWICK-UPON-TWEED,NORTHUMBERLAND,Standard,Addition,55.6341320000,-2.1555860000
59500,1995-07-14 00:00:00Z,TD12 4UE,Detached,Established,Freehold,THE CHESTERS,,,CORNHILL-ON-TWEED,CORNHILL-ON-TWEED,BERWICK-UPON-TWEED,NORTHUMBERLAND,Standard,Addition,55.6473880000,-2.2283470000
44500,1995-09-29 00:00:00Z,TD12 4SQ,Terraced,Established,Freehold,9,,CROOKHAM EASTFIELD FARM COTTAGES,CORNHILL-ON-TWEED,CORNHILL-ON-TWEED,BERWICK-UPON-TWEED,NORTHUMBERLAND,Standard,Addition,55.6443410000,-2.1473970000
44000,1995-03-17 00:00:00Z,TD12 4SQ,Terraced,Established,Freehold,4,,CROOKHAM EASTFIELD FARM COTTAGES,CORNHILL-ON-TWEED,CORNHILL-ON-TWEED,BERWICK-UPON-TWEED,NORTHUMBERLAND,Standard,Addition,55.6443410000,-2.1473970000
44000,1995-06-02 00:00:00Z,TD12 4SQ,Terraced,Established,Freehold,3,,CROOKHAM EASTFIELD FARM COTTAGES,CORNHILL-ON-TWEED,CORNHILL-ON-TWEED,BERWICK-UPON-TWEED,NORTHUMBERLAND,Standard,Addition,55.6443410000,-2.1473970000
21000,1995-08-04 00:00:00Z,TD12 4TJ,Terraced,Established,Freehold,5,,HEATHERSLAW PENSIONERS COTTAGE,CORNHILL-ON-TWEED,CORNHILL-ON-TWEED,BERWICK-UPON-TWEED,NORTHUMBERLAND,Standard,Addition,55.6362040000,-2.1090370000
76000,1995-07-31 00:00:00Z,TD12 4UY,Detached,Established,Freehold,TWIZEL SMITHY,,,,CORNHILL-ON-TWEED,NORTHUMBERLAND,NORTHUMBERLAND,Standard,Addition,55.6855400000,-2.1776830000
80000,1995-07-14 00:00:00Z,TD12 4TS,Detached,New Build,Freehold,4,CALEO SONA,THE SIDINGS,CORNHILL-ON-TWEED,CORNHILL-ON-TWEED,BERWICK-UPON-TWEED,NORTHUMBERLAND,Standard,Addition,55.6490490000,-2.2196020000
40000,1996-07-02 00:00:00Z,TD12 4UH,Terraced,Established,Freehold,CHURCH VIEW COTTAGE,,MAIN STREET,CORNHILL-ON-TWEED,CORNHILL-ON-TWEED,BERWICK-UPON-TWEED,NORTHUMBERLAND,Standard,Addition,55.6470870000,-2.2261690000
125000,1996-07-23 00:00:00Z,TD12 4UQ,Detached,Established,Freehold,THE OLD VICARAGE,,,CORNHILL-ON-TWEED,CORNHILL-ON-TWEED,BERWICK-UPON-TWEED,NORTHUMBERLAND,Standard,Addition,55.6462610000,-2.2254180000
37000,1996-07-05 00:00:00Z,TD12 4SN,Detached,Established,Freehold,THE COTTAGE,,,BRANXTON,CORNHILL-ON-TWEED,BERWICK-UPON-TWEED,NORTHUMBERLAND,Standard,Addition,55.6308850000,-2.1715990000
75000,1996-03-15 00:00:00Z,TD12 4RH,Detached,Established,Freehold,WATERSIDE HOUSE,,,WARK,CORNHILL-ON-TWEED,BERWICK-UPON-TWEED,NORTHUMBERLAND,Standard,Addition,55.6417030000,-2.2791680000
177500,1996-11-01 00:00:00Z,TD12 4TH,Detached,Established,Freehold,OAK HALL COTTAGE,,,CORNHILL-ON-TWEED,CORNHILL-ON-TWEED,BERWICK-UPON-TWEED,NORTHUMBERLAND,Standard,Addition,55.6315570000,-2.1206660000
32000,1996-09-13 00:00:00Z,TD12 4QB,Terraced,Established,Freehold,5,,EAST LEARMOUTH OLD ROW,CORNHILL-ON-TWEED,CORNHILL-ON-TWEED,BERWICK-UPON-TWEED,NORTHUMBERLAND,Standard,Addition,55.6322920000,-2.2185140000
46250,1996-02-12 00:00:00Z,TD12 4SY,Semi-Detached,Established,Freehold,4,,,CROOKHAM,CORNHILL-ON-TWEED,BERWICK-UPON-TWEED,NORTHUMBERLAND,Standard,Addition,55.6368260000,-2.1348190000
39000,1996-10-18 00:00:00Z,TD12 4SS,Terraced,Established,Freehold,1,,BRANXTON BUILDINGS FARM COTTAGES,CORNHILL-ON-TWEED,CORNHILL-ON-TWEED,BERWICK-UPON-TWEED,NORTHUMBERLAND,Standard,Addition,55.6340220000,-2.1772990000
59500,1996-06-14 00:00:00Z,TD12 4SQ,Terraced,Established,Freehold,2,,CROOKHAM EASTFIELD FARM COTTAGES,CORNHILL-ON-TWEED,CORNHILL-ON-TWEED,BERWICK-UPON-TWEED,NORTHUMBERLAND,Standard,Addition,55.6443410000,-2.1473970000
23233,1997-07-04 00:00:00Z,TD12 4RH,Terraced,Established,Freehold,2,,HILLTOP COTTAGES,WARK,CORNHILL-ON-TWEED,BERWICK-UPON-TWEED,NORTHUMBERLAND,Standard,Addition,55.6417030000,-2.2791680000
95500,1997-09-01 00:00:00Z,TD12 4RA,Detached,Established,Freehold,OLD MILL COTTAGE,,,CORNHILL-ON-TWEED,CORNHILL-ON-TWEED,BERWICK-UPON-TWEED,NORTHUMBERLAND,Standard,Addition,55.6458530000,-2.2277190000
44500,1997-06-16 00:00:00Z,TD12 4SY,Semi-Detached,Established,Freehold,12A,MAPLE COTTAGE,,CROOKHAM,CORNHILL-ON-TWEED,BERWICK-UPON-TWEED,NORTHUMBERLAND,Standard,Addition,55.6368260000,-2.1348190000
58000,1997-01-08 00:00:00Z,TD12 4SF,Semi-Detached,Established,Freehold,BARELEES FARM COTTAGE,7,,CORNHILL-ON-TWEED,CORNHILL-ON-TWEED,BERWICK-UPON-TWEED,NORTHUMBERLAND,Standard,Addition,55.6407270000,-2.1993160000
65500,1997-10-16 00:00:00Z,TD12 4QD,Semi-Detached,Established,Freehold,4,,EAST MONEYLAWS FARM COTTAGE,CORNHILL-ON-TWEED,CORNHILL-ON-TWEED,BERWICK-UPON-TWEED,NORTHUMBERLAND,Standard,Addition,55.6140930000,-2.1999340000
90000,1997-10-27 00:00:00Z,TD12 4TS,Detached,Established,Freehold,4,CALEO SONA,THE SIDINGS,CORNHILL-ON-TWEED,CORNHILL-ON-TWEED,BERWICK-UPON-TWEED,NORTHUMBERLAND,Standard,Addition,55.6490490000,-2.2196020000
40000,1997-01-31 00:00:00Z,TD12 4RA,Detached,Established,Freehold,MILLBRAE COTTAGE,,,CORNHILL-ON-TWEED,CORNHILL-ON-TWEED,BERWICK-UPON-TWEED,NORTHUMBERLAND,Standard,Addition,55.6458530000,-2.2277190000
40000,1997-01-17 00:00:00Z,TD12 4QL,Detached,Established,Freehold,9,,MINDRUM MILL FARM COTTAGE,MINDRUM,MINDRUM,BERWICK-UPON-TWEED,NORTHUMBERLAND,Standard,Addition,55.5959640000,-2.2385050000
44500,1997-04-25 00:00:00Z,TD12 4QL,Semi-Detached,Established,Freehold,1,,MINDRUM STATION COTTAGE,MINDRUM,MINDRUM,BERWICK-UPON-TWEED,NORTHUMBERLAND,Standard,Addition,55.5959640000,-2.2385050000
17500,1997-02-07 00:00:00Z,TD12 4RE,Semi-Detached,Established,Freehold,WAYSIDE COTTAGE,,,WARK,CORNHILL-ON-TWEED,BERWICK-UPON-TWEED,NORTHUMBERLAND,Standard,Addition,55.6409130000,-2.2789400000
56250,1997-03-24 00:00:00Z,TD12 4QG,Terraced,Established,Freehold,7,,HOWTEL FARM COTTAGES,MINDRUM,MINDRUM,BERWICK-UPON-TWEED,NORTHUMBERLAND,Standard,Addition,55.5995380000,-2.1631620000
158000,1997-06-06 00:00:00Z,TD12 4UQ,Detached,Established,Freehold,THE OLD VICARAGE,,,CORNHILL-ON-TWEED,CORNHILL-ON-TWEED,BERWICK-UPON-TWEED,NORTHUMBERLAND,Standard,Addition,55.6462610000,-2.2254180000
40500,1997-07-16 00:00:00Z,TD12 4UB,Semi-Detached,Established,Freehold,6,,ST HELENS GARDENS,CORNHILL-ON-TWEED,CORNHILL-ON-TWEED,BERWICK-UPON-TWEED,NORTHUMBERLAND,Standard,Addition,55.6472940000,-2.2259480000
52000,1997-02-21 00:00:00Z,TD12 4SL,Semi-Detached,Established,Freehold,LINDEN LEA,,,BRANXTON,CORNHILL-ON-TWEED,BERWICK-UPON-TWEED,NORTHUMBERLAND,Standard,Addition,55.6322910000,-2.1686030000
93000,1998-09-25 00:00:00Z,TD12 4QB,Detached,Established,Freehold,CAMPFIELD FARM,,,CORNHILL-ON-TWEED,CORNHILL-ON-TWEED,BERWICK-UPON-TWEED,NORTHUMBERLAND,Standard,Addition,55.6322920000,-2.2185140000
50000,1998-09-23 00:00:00Z,TD12 4RE,Detached,Established,Freehold,THE OLD POST OFFICE,,,WARK,CORNHILL-ON-TWEED,BERWICK-UPON-TWEED,NORTHUMBERLAND,Standard,Addition,55.6409130000,-2.2789400000
35000,1998-09-30 00:00:00Z,TD12 4UW,Semi-Detached,Established,Freehold,OXENDEAN BURN FARM COTTAGE,2,,CORNHILL-ON-TWEED,CORNHILL-ON-TWEED,BERWICK-UPON-TWEED,NORTHUMBERLAND,Standard,Addition,55.6648910000,-2.2085470000
44000,1998-02-10 00:00:00Z,TD12 4SP,Semi-Detached,Established,Freehold,5,,FLODDEN CRESCENT,BRANXTON,CORNHILL-ON-TWEED,BERWICK-UPON-TWEED,NORTHUMBERLAND,Standard,Addition,55.6312110000,-2.1700280000
28000,1998-03-06 00:00:00Z,TD12 4QL,Terraced,Established,Freehold,3,,MINDRUM STATION COTTAGE,MINDRUM,MINDRUM,BERWICK-UPON-TWEED,NORTHUMBERLAND,Standard,Addition,55.5959640000,-2.2385050000
82500,1998-07-10 00:00:00Z,TD12 4XN,Detached,Established,Freehold,BURNESIDE,,,DONALDSONS LODGE,CORNHILL-ON-TWEED,BERWICK-UPON-TWEED,NORTHUMBERLAND,Standard,Addition,55.6667020000,-2.2054410000
27000,1998-09-25 00:00:00Z,TD12 4RH,Terraced,Established,Freehold,2,,HILLTOP COTTAGES,WARK,CORNHILL-ON-TWEED,BERWICK-UPON-TWEED,NORTHUMBERLAND,Standard,Addition,55.6417030000,-2.2791680000
60000,1998-03-18 00:00:00Z,TD12 4RH,Detached,Established,Freehold,ROSE COTTAGE,,,WARK,CORNHILL-ON-TWEED,BERWICK-UPON-TWEED,NORTHUMBERLAND,Standard,Addition,55.6417030000,-2.2791680000
39000,1998-11-13 00:00:00Z,TD12 4UB,Semi-Detached,Established,Freehold,6,,ST HELENS GARDENS,CORNHILL-ON-TWEED,CORNHILL-ON-TWEED,BERWICK-UPON-TWEED,NORTHUMBERLAND,Standard,Addition,55.6472940000,-2.2259480000
30000,1998-10-22 00:00:00Z,TD12 4XN,Detached,New Build,Freehold,SUEHOLME,,,DONALDSONS LODGE,CORNHILL-ON-TWEED,BERWICK-UPON-TWEED,NORTHUMBERLAND,Standard,Addition,55.6667020000,-2.2054410000
13500,1998-10-02 00:00:00Z,TD12 4RE,Detached,Established,Freehold,DOVECOTE,,,WARK,CORNHILL-ON-TWEED,BERWICK-UPON-TWEED,NORTHUMBERLAND,Standard,Addition,55.6409130000,-2.2789400000
33000,1998-03-25 00:00:00Z,TD12 4SN,Semi-Detached,Established,Freehold,CHURCH VIEW,,,BRANXTON,CORNHILL-ON-TWEED,BERWICK-UPON-TWEED,NORTHUMBERLAND,Standard,Addition,55.6308850000,-2.1715990000
130000,1998-06-05 00:00:00Z,TD12 4QG,Semi-Detached,Established,Freehold,EAST BOWMONT HOUSE HOWTEL,,,MINDRUM,MINDRUM,BERWICK-UPON-TWEED,NORTHUMBERLAND,Standard,Addition,55.5995380000,-2.1631620000
35000,1998-02-06 00:00:00Z,TD12 4QL,Terraced,Established,Freehold,4,,MINDRUM STATION COTTAGE,MINDRUM,MINDRUM,BERWICK-UPON-TWEED,NORTHUMBERLAND,Standard,Addition,55.5959640000,-2.2385050000
30000,1998-09-04 00:00:00Z,TD12 4XN,Detached,Established,Freehold,ORCHARD HOUSE,,,DONALDSONS LODGE,CORNHILL-ON-TWEED,BERWICK-UPON-TWEED,NORTHUMBERLAND,Standard,Addition,55.6667020000,-2.2054410000
52000,1999-07-23 00:00:00Z,TD12 4SL,Detached,Established,Freehold,ROSE COTTAGE,,,BRANXTON,CORNHILL-ON-TWEED,BERWICK-UPON-TWEED,NORTHUMBERLAND,Standard,Addition,55.6322910000,-2.1686030000
75050,1999-01-20 00:00:00Z,TD12 4UQ,Detached,Established,Freehold,SOUTHVILLE,,,,CORNHILL-ON-TWEED,BERWICK-UPON-TWEED,NORTHUMBERLAND,Standard,Addition,55.6462610000,-2.2254180000
46000,1999-03-05 00:00:00Z,TD12 4SJ,Semi-Detached,Established,Freehold,5,,MARDON FARM COTTAGE,,CORNHILL-ON-TWEED,BERWICK-UPON-TWEED,NORTHUMBERLAND,Standard,Addition,55.6341320000,-2.1555860000
40000,1999-08-03 00:00:00Z,TD12 4UZ,Detached,Established,Freehold,TWIZEL STATION HOUSE,,,,CORNHILL-ON-TWEED,BERWICK-UPON-TWEED,NORTHUMBERLAND,Standard,Addition,55.6860750000,-2.1995940000
43000,1999-06-25 00:00:00Z,TD12 4RH,Semi-Detached,Established,Freehold,GLEN COTTAGE,,,WARK,CORNHILL-ON-TWEED,BERWICK-UPON-TWEED,NORTHUMBERLAND,Standard,Addition,55.6417030000,-2.2791680000
120000,1999-10-07 00:00:00Z,TD12 4ST,Detached,New Build,Freehold,1,,CROFT GARDENS,CROOKHAM,CORNHILL-ON-TWEED,BERWICK-UPON-TWEED,NORTHUMBERLAND,Standard,Addition,55.6367370000,-2.1333580000
78500,1999-06-18 00:00:00Z,TD12 4SL,Detached,Established,Freehold,DUNEDIN,,,BRANXTON,CORNHILL-ON-TWEED,BLYTH VALLEY,NORTHUMBERLAND,Standard,Addition,55.6322910000,-2.1686030000
62000,1999-11-19 00:00:00Z,TD12 4SA,Detached,Established,Freehold,CROSSWAYS,,,,CORNHILL-ON-TWEED,BERWICK-UPON-TWEED,NORTHUMBERLAND,Standard,Addition,55.6479500000,-2.2212320000
94000,1999-03-30 00:00:00Z,TD12 4XN,Detached,New Build,Freehold,KISDON,,,DONALDSONS LODGE,CORNHILL-ON-TWEED,BERWICK-UPON-TWEED,NORTHUMBERLAND,Standard,Addition,55.6667020000,-2.2054410000
185000,1999-02-12 00:00:00Z,TD12 4SX,Detached,Established,Freehold,1,,,CROOKHAM,CORNHILL-ON-TWEED,BERWICK-UPON-TWEED,NORTHUMBERLAND,Standard,Addition,55.6373660000,-2.1335820000
48000,1999-09-17 00:00:00Z,TD12 4RE,Semi-Detached,New Build,Freehold,THE HEATHERS,,,WARK,CORNHILL-ON-TWEED,BERWICK-UPON-TWEED,NORTHUMBERLAND,Standard,Addition,55.6409130000,-2.2789400000
90000,1999-05-21 00:00:00Z,TD12 4UY,Detached,Established,Freehold,TWIZEL SMITHY,,,,CORNHILL-ON-TWEED,NORTHUMBERLAND,NORTHUMBERLAND,Standard,Addition,55.6855400000,-2.1776830000
45000,1999-10-26 00:00:00Z,TD12 4SJ,Semi-Detached,Established,Freehold,1,,MARDON FARM COTTAGE,,CORNHILL-ON-TWEED,BERWICK-UPON-TWEED,NORTHUMBERLAND,Standard,Addition,55.6341320000,-2.1555860000
25250,2000-02-22 00:00:00Z,TD12 4TA,Terraced,Established,Freehold,36,,,CROOKHAM,CORNHILL-ON-TWEED,BERWICK-UPON-TWEED,NORTHUMBERLAND,Standard,Addition,55.6370290000,-2.1361790000
39000,2000-06-23 00:00:00Z,TD12 4TJ,Terraced,Established,Freehold,1,,HEATHERSLAW PENSIONERS COTTAGE,,CORNHILL-ON-TWEED,BERWICK-UPON-TWEED,NORTHUMBERLAND,Standard,Addition,55.6362040000,-2.1090370000
73000,2000-02-14 00:00:00Z,TD12 4QG,Detached,Established,Freehold,HOWTEL LANE COTTAGE,,,,MINDRUM,BERWICK-UPON-TWEED,NORTHUMBERLAND,Standard,Addition,55.5995380000,-2.1631620000
45000,2000-07-27 00:00:00Z,TD12 4SW,Detached,Established,Freehold,BRANXTON HOUSE,,,BRANXTON,CORNHILL-ON-TWEED,BLYTH VALLEY,NORTHUMBERLAND,Standard,Addition,55.6319860000,-2.1685060000
74000,2000-03-31 00:00:00Z,TD12 4UE,Detached,Established,Freehold,THE CHESTERS,,,,CORNHILL-ON-TWEED,BERWICK-UPON-TWEED,NORTHUMBERLAND,Standard,Addition,55.6473880000,-2.2283470000
69100,2000-06-02 00:00:00Z,TD12 4SY,Detached,Established,Freehold,2,,,CROOKHAM,CORNHILL-ON-TWEED,BERWICK-UPON-TWEED,NORTHUMBERLAND,Standard,Addition,55.6368260000,-2.1348190000
77500,2000-03-09 00:00:00Z,TD12 4TQ,Detached,Established,Freehold,FLODDEN NURSES COTTAGE,,,,CORNHILL-ON-TWEED,BLYTH VALLEY,NORTHUMBERLAND,Standard,Addition,55.6245600000,-2.1090520000
135100,2000-05-26 00:00:00Z,TD12 4ST,Detached,New Build,Freehold,2,,CROFT GARDENS,CROOKHAM,CORNHILL-ON-TWEED,BERWICK-UPON-TWEED,NORTHUMBERLAND,Standard,Addition,55.6367370000,-2.1333580000
54000,2000-04-18 00:00:00Z,TD12 4SQ,Terraced,Established,Freehold,9,,CROOKHAM EASTFIELD FARM COTTAGES,,CORNHILL-ON-TWEED,BERWICK-UPON-TWEED,NORTHUMBERLAND,Standard,Addition,55.6443410000,-2.1473970000
35000,2000-03-03 00:00:00Z,TD12 4UB,Semi-Detached,Established,Freehold,6,,ST HELENS GARDENS,,CORNHILL-ON-TWEED,BERWICK-UPON-TWEED,NORTHUMBERLAND,Standard,Addition,55.6472940000,-2.2259480000
76000,2000-12-01 00:00:00Z,TD12 4TS,Detached,Established,Freehold,22,,STATION GARDENS,,CORNHILL-ON-TWEED,BERWICK-UPON-TWEED,NORTHUMBERLAND,Standard,Addition,55.6490490000,-2.2196020000
80000,2001-11-16 00:00:00Z,TD12 4QG,Detached,Established,Freehold,HOWTEL LANE HOUSE,,,MINDRUM,MINDRUM,BERWICK-UPON-TWEED,NORTHUMBERLAND,Standard,Addition,55.5995380000,-2.1631620000
77000,2001-04-20 00:00:00Z,TD12 4TS,Detached,Established,Freehold,22,,STATION GARDENS,CORNHILL-ON-TWEED,CORNHILL-ON-TWEED,BERWICK-UPON-TWEED,NORTHUMBERLAND,Standard,Addition,55.6490490000,-2.2196020000
40000,2001-11-23 00:00:00Z,TD12 4TS,Terraced,Established,Freehold,5,,STATION GARDENS,CORNHILL-ON-TWEED,CORNHILL-ON-TWEED,BERWICK-UPON-TWEED,NORTHUMBERLAND,Standard,Addition,55.6490490000,-2.2196020000
95250,2001-10-12 00:00:00Z,TD12 4SL,Detached,Established,Freehold,OAKLEA,,,BRANXTON,CORNHILL-ON-TWEED,BERWICK-UPON-TWEED,NORTHUMBERLAND,Standard,Addition,55.6322910000,-2.1686030000
165000,2001-07-11 00:00:00Z,TD12 4ST,Detached,New Build,Freehold,4,,CROFT GARDENS,CROOKHAM,CORNHILL-ON-TWEED,BERWICK-UPON-TWEED,NORTHUMBERLAND,Standard,Addition,55.6367370000,-2.1333580000
85000,2001-10-29 00:00:00Z,TD12 4RH,Semi-Detached,Established,Freehold,GLEN COTTAGE,,,WARK,CORNHILL-ON-TWEED,BERWICK-UPON-TWEED,NORTHUMBERLAND,Standard,Addition,55.6417030000,-2.2791680000
345000,2001-08-31 00:00:00Z,TD12 4SW,Detached,Established,Freehold,OLD VICARAGE,,,BRANXTON,CORNHILL-ON-TWEED,BERWICK-UPON-TWEED,NORTHUMBERLAND,Standard,Addition,55.6319860000,-2.1685060000
51000,2001-07-04 00:00:00Z,TD12 4RE,Detached,Established,Freehold,STATION VIEW COTTAGE,,,WARK,CORNHILL-ON-TWEED,BERWICK-UPON-TWEED,NORTHUMBERLAND,Standard,Addition,55.6409130000,-2.2789400000
135000,2001-10-02 00:00:00Z,TD12 4ST,Detached,New Build,Freehold,3,,CROFT GARDENS,CROOKHAM,CORNHILL-ON-TWEED,BERWICK-UPON-TWEED,NORTHUMBERLAND,Standard,Addition,55.6367370000,-2.1333580000
135000,2001-03-30 00:00:00Z,TD12 4ST,Detached,New Build,Freehold,5,,CROFT GARDENS,CROOKHAM,CORNHILL-ON-TWEED,BERWICK-UPON-TWEED,NORTHUMBERLAND,Standard,Addition,55.6367370000,-2.1333580000
179000,2001-04-26 00:00:00Z,TD12 4ST,Detached,Established,Freehold,2,,CROFT GARDENS,CROOKHAM,CORNHILL-ON-TWEED,BERWICK-UPON-TWEED,NORTHUMBERLAND,Standard,Addition,55.6367370000,-2.1333580000
89000,2001-04-23 00:00:00Z,TD12 4TS,Detached,Established,Freehold,18,,STATION GARDENS,CORNHILL-ON-TWEED,CORNHILL-ON-TWEED,BERWICK-UPON-TWEED,NORTHUMBERLAND,Standard,Addition,55.6490490000,-2.2196020000
133999,2001-03-15 00:00:00Z,TD12 4XN,Detached,Established,Freehold,BURNESIDE,,,DONALDSONS LODGE,CORNHILL-ON-TWEED,BERWICK-UPON-TWEED,NORTHUMBERLAND,Standard,Addition,55.6667020000,-2.2054410000
45000,2001-06-29 00:00:00Z,TD12 4SH,Semi-Detached,Established,Freehold,BLUE BELL COTTAGE,,PALLINSBURN,,CORNHILL-ON-TWEED,BERWICK-UPON-TWEED,NORTHUMBERLAND,Standard,Addition,55.6377420000,-2.1430990000
147000,2001-09-21 00:00:00Z,TD12 4XN,Detached,Established,Freehold,SUEHOLME,,,DONALDSONS LODGE,CORNHILL-ON-TWEED,BERWICK-UPON-TWEED,NORTHUMBERLAND,Standard,Addition,55.6667020000,-2.2054410000
37000,2001-07-20 00:00:00Z,TD12 4RE,Semi-Detached,Established,Freehold,WAYSIDE COTTAGE,,,WARK,CORNHILL-ON-TWEED,BERWICK-UPON-TWEED,NORTHUMBERLAND,Standard,Addition,55.6409130000,-2.2789400000
47000,2001-04-03 00:00:00Z,TD12 4UE,Semi-Detached,Established,Freehold,1,,POLICE OFFICE HOUSES,CORNHILL-ON-TWEED,CORNHILL-ON-TWEED,BLYTH VALLEY,NORTHUMBERLAND,Standard,Addition,55.6473880000,-2.2283470000
39500,2001-03-16 00:00:00Z,TD12 4XN,Terraced,Established,Freehold,8,,SUNNYSIDE COTTAGE,DONALDSONS LODGE,CORNHILL-ON-TWEED,BERWICK-UPON-TWEED,NORTHUMBERLAND,Standard,Addition,55.6667020000,-2.2054410000
80000,2001-12-05 00:00:00Z,TD12 4RH,Detached,Established,Freehold,TWEED COTTAGE,,,WARK,CORNHILL-ON-TWEED,BERWICK-UPON-TWEED,NORTHUMBERLAND,Standard,Addition,55.6417030000,-2.2791680000
59900,2001-08-15 00:00:00Z,TD12 4SQ,Terraced,Established,Freehold,3,,CROOKHAM EASTFIELD FARM COTTAGES,CORNHILL-ON-TWEED,CORNHILL-ON-TWEED,BERWICK-UPON-TWEED,NORTHUMBERLAND,Standard,Addition,55.6443410000,-2.1473970000
49000,2001-03-21 00:00:00Z,TD12 4SY,Detached,Established,Freehold,14,,,CROOKHAM,CORNHILL-ON-TWEED,NORTHUMBERLAND,NORTHUMBERLAND,Standard,Addition,55.6368260000,-2.1348190000
42500,2002-03-08 00:00:00Z,TD12 4QB,Terraced,Established,Freehold,3,,CAMPFIELD FARM COTTAGE,CORNHILL-ON-TWEED,CORNHILL-ON-TWEED,BERWICK-UPON-TWEED,NORTHUMBERLAND,Standard,Addition,55.6322920000,-2.2185140000
170000,2002-01-18 00:00:00Z,TD12 4RA,Detached,Established,Freehold,THE OLD MILL,,,CORNHILL-ON-TWEED,CORNHILL-ON-TWEED,BERWICK-UPON-TWEED,NORTHUMBERLAND,Standard,Addition,55.6458530000,-2.2277190000
51000,2002-05-24 00:00:00Z,TD12 4SN,Detached,Established,Freehold,THE COTTAGE,,,BRANXTON,CORNHILL-ON-TWEED,BERWICK-UPON-TWEED,NORTHUMBERLAND,Standard,Addition,55.6308850000,-2.1715990000
205000,2002-10-18 00:00:00Z,TD12 4QG,Semi-Detached,Established,Freehold,WEST BOWMONT HOUSE HOWTEL,,,MINDRUM,MINDRUM,BERWICK-UPON-TWEED,NORTHUMBERLAND,Standard,Addition,55.5995380000,-2.1631620000
38000,2002-01-08 00:00:00Z,TD12 4UB,Semi-Detached,Established,Freehold,12,,ST HELENS GARDENS,CORNHILL-ON-TWEED,CORNHILL-ON-TWEED,BERWICK-UPON-TWEED,NORTHUMBERLAND,Standard,Addition,55.6472940000,-2.2259480000
24500,2002-09-06 00:00:00Z,TD12 4UN,Semi-Detached,Established,Freehold,1,,GREEN LANE GATES,CORNHILL-ON-TWEED,CORNHILL-ON-TWEED,BERWICK-UPON-TWEED,NORTHUMBERLAND,Standard,Addition,55.6530750000,-2.2080790000
59500,2002-05-03 00:00:00Z,TD12 4RH,Detached,Established,Freehold,1,,HILLTOP COTTAGES,WARK,CORNHILL-ON-TWEED,BERWICK-UPON-TWEED,NORTHUMBERLAND,Standard,Addition,55.6417030000,-2.2791680000
30250,2002-08-20 00:00:00Z,TD12 4UN,Semi-Detached,Established,Freehold,2,,GREEN LANE GATES,CORNHILL-ON-TWEED,CORNHILL-ON-TWEED,BERWICK-UPON-TWEED,NORTHUMBERLAND,Standard,Addition,55.6530750000,-2.2080790000
110000,2002-12-13 00:00:00Z,TD12 4UH,Detached,Established,Freehold,DUNROMIN,,MAIN STREET,CORNHILL-ON-TWEED,CORNHILL-ON-TWEED,BERWICK-UPON-TWEED,NORTHUMBERLAND,Standard,Addition,55.6470870000,-2.2261690000
180000,2002-06-28 00:00:00Z,TD12 4ST,Detached,Established,Freehold,7,,CROFT GARDENS,CROOKHAM,CORNHILL-ON-TWEED,BERWICK-UPON-TWEED,NORTHUMBERLAND,Standard,Addition,55.6367370000,-2.1333580000
89950,2002-12-05 00:00:00Z,TD12 4RH,Detached,Established,Freehold,TWEED BRAE,,,WARK,CORNHILL-ON-TWEED,TYNEDALE,NORTHUMBERLAND,Standard,Addition,55.6417030000,-2.2791680000
70000,2002-04-26 00:00:00Z,TD12 4QR,Detached,Established,Freehold,LANGHOLM CROSSING COTTAGE,,,MINDRUM,MINDRUM,BERWICK-UPON-TWEED,NORTHUMBERLAND,Standard,Addition,55.5898420000,-2.2258710000
75000,2002-09-12 00:00:00Z,TD12 4SQ,Terraced,Established,Freehold,2,,CROOKHAM EASTFIELD FARM COTTAGES,CORNHILL-ON-TWEED,CORNHILL-ON-TWEED,BERWICK-UPON-TWEED,NORTHUMBERLAND,Standard,Addition,55.6443410000,-2.1473970000
295000,2002-05-03 00:00:00Z,TD12 4UQ,Detached,Established,Freehold,THE OLD VICARAGE,,,CORNHILL-ON-TWEED,CORNHILL-ON-TWEED,BERWICK-UPON-TWEED,NORTHUMBERLAND,Standard,Addition,55.6462610000,-2.2254180000
46000,2002-05-17 00:00:00Z,TD12 4QG,Terraced,Established,Freehold,4,,HOWTEL FARM COTTAGES,MINDRUM,MINDRUM,BERWICK-UPON-TWEED,NORTHUMBERLAND,Standard,Addition,55.5995380000,-2.1631620000
153000,2002-02-04 00:00:00Z,TD12 4UH,Terraced,Established,Freehold,ST HELENS VIEW,,MAIN STREET,,CORNHILL-ON-TWEED,NORTHUMBERLAND,NORTHUMBERLAND,Standard,Addition,55.6470870000,-2.2261690000
85000,2002-11-29 00:00:00Z,TD12 4RA,Detached,Established,Freehold,MILLBRAE COTTAGE,,,CORNHILL-ON-TWEED,CORNHILL-ON-TWEED,BERWICK-UPON-TWEED,NORTHUMBERLAND,Standard,Addition,55.6458530000,-2.2277190000
65000,2002-03-22 00:00:00Z,TD12 4SJ,Semi-Detached,Established,Freehold,1,,MARDON FARM COTTAGE,CORNHILL-ON-TWEED,CORNHILL-ON-TWEED,BERWICK-UPON-TWEED,NORTHUMBERLAND,Standard,Addition,55.6341320000,-2.1555860000
113500,2002-10-25 00:00:00Z,TD12 4RE,Detached,Established,Freehold,BEECHWOOD,,,WARK,CORNHILL-ON-TWEED,BERWICK-UPON-TWEED,NORTHUMBERLAND,Standard,Addition,55.6409130000,-2.2789400000
105000,2003-02-07 00:00:00Z,TD12 4SL,Detached,Established,Freehold,DUNEDIN,,,BRANXTON,CORNHILL-ON-TWEED,BLYTH VALLEY,NORTHUMBERLAND,Standard,Addition,55.6322910000,-2.1686030000
70000,2003-09-04 00:00:00Z,TD12 4QB,Terraced,Established,Freehold,5,,EAST LEARMOUTH OLD ROW,CORNHILL-ON-TWEED,CORNHILL-ON-TWEED,BERWICK-UPON-TWEED,NORTHUMBERLAND,Standard,Addition,55.6322920000,-2.2185140000
53000,2003-09-26 00:00:00Z,TD12 4UH,Detached,Established,Freehold,MILESTONE COTTAGE,,MAIN STREET,CORNHILL-ON-TWEED,CORNHILL-ON-TWEED,BERWICK-UPON-TWEED,NORTHUMBERLAND,Standard,Addition,55.6470870000,-2.2261690000
165000,2003-01-17 00:00:00Z,TD12 4RQ,Detached,Established,Freehold,BLACK ROW COTTAGE,,BLACK ROW,WARK,CORNHILL-ON-TWEED,NORTHUMBERLAND,NORTHUMBERLAND,Standard,Addition,55.6403420000,-2.2768070000
68100,2003-03-14 00:00:00Z,TD12 4SP,Semi-Detached,Established,Freehold,8,,FLODDEN CRESCENT,BRANXTON,CORNHILL-ON-TWEED,BERWICK-UPON-TWEED,NORTHUMBERLAND,Standard,Addition,55.6312110000,-2.1700280000
98750,2003-12-12 00:00:00Z,TD12 4SP,Terraced,Established,Freehold,7,,FLODDEN CRESCENT,BRANXTON,CORNHILL-ON-TWEED,BERWICK-UPON-TWEED,NORTHUMBERLAND,Standard,Addition,55.6312110000,-2.1700280000
200000,2003-11-06 00:00:00Z,TD12 4ST,Detached,Established,Freehold,7,,CROFT GARDENS,CROOKHAM,CORNHILL-ON-TWEED,BERWICK-UPON-TWEED,NORTHUMBERLAND,Standard,Addition,55.6367370000,-2.1333580000
135000,2003-08-29 00:00:00Z,TD12 4SW,Detached,Established,Freehold,BRAEMAR,,,BRANXTON,CORNHILL-ON-TWEED,BERWICK-UPON-TWEED,NORTHUMBERLAND,Standard,Addition,55.6319860000,-2.1685060000
107000,2003-06-16 00:00:00Z,TD12 4UH,Terraced,Established,Freehold,CHURCH VIEW COTTAGE,,MAIN STREET,CORNHILL-ON-TWEED,CORNHILL-ON-TWEED,BERWICK-UPON-TWEED,NORTHUMBERLAND,Standard,Addition,55.6470870000,-2.2261690000
220000,2003-10-17 00:00:00Z,TD12 4QL,Detached,Established,Freehold,1,,MINDRUM MILL FARM COTTAGE,MINDRUM,MINDRUM,BERWICK-UPON-TWEED,NORTHUMBERLAND,Standard,Addition,55.5959640000,-2.2385050000
230000,2003-01-27 00:00:00Z,TD12 4ST,Detached,Established,Freehold,2,,CROFT GARDENS,CROOKHAM,CORNHILL-ON-TWEED,BERWICK-UPON-TWEED,NORTHUMBERLAND,Standard,Addition,55.6367370000,-2.1333580000
105000,2003-02-07 00:00:00Z,TD12 4RA,Detached,Established,Freehold,THE OLD MILL,,,CORNHILL-ON-TWEED,CORNHILL-ON-TWEED,BERWICK-UPON-TWEED,NORTHUMBERLAND,Standard,Addition,55.6458530000,-2.2277190000
101500,2003-10-02 00:00:00Z,TD12 4UJ,Detached,Established,Freehold,THE COTTAGE,,MAIN STREET,CORNHILL-ON-TWEED,CORNHILL-ON-TWEED,BERWICK-UPON-TWEED,NORTHUMBERLAND,Standard,Addition,55.6468660000,-2.2244830000
235000,2003-05-15 00:00:00Z,TD12 4TS,Detached,Established,Freehold,20,,STATION GARDENS,CORNHILL-ON-TWEED,CORNHILL-ON-TWEED,BERWICK-UPON-TWEED,NORTHUMBERLAND,Standard,Addition,55.6490490000,-2.2196020000
57000,2003-03-19 00:00:00Z,TD12 4TS,Terraced,Established,Freehold,5,,STATION GARDENS,CORNHILL-ON-TWEED,CORNHILL-ON-TWEED,BERWICK-UPON-TWEED,NORTHUMBERLAND,Standard,Addition,55.6490490000,-2.2196020000
60000,2003-07-25 00:00:00Z,TD12 4SR,Terraced,Established,Freehold,2,,BLUE ROW,BRANXTON,CORNHILL-ON-TWEED,BERWICK-UPON-TWEED,NORTHUMBERLAND,Standard,Addition,55.6324360000,-2.1679360000
109000,2003-06-06 00:00:00Z,TD12 4RE,Semi-Detached,Established,Freehold,THE HEATHERS,,,WARK,CORNHILL-ON-TWEED,BERWICK-UPON-TWEED,NORTHUMBERLAND,Standard,Addition,55.6409130000,-2.2789400000
125000,2003-07-28 00:00:00Z,TD12 4SX,Semi-Detached,Established,Freehold,15,,,CROOKHAM,CORNHILL-ON-TWEED,BERWICK-UPON-TWEED,NORTHUMBERLAND,Standard,Addition,55.6373660000,-2.1335820000
155000,2003-10-27 00:00:00Z,TD12 4SY,Detached,Established,Freehold,2,,,CROOKHAM,CORNHILL-ON-TWEED,BERWICK-UPON-TWEED,NORTHUMBERLAND,Standard,Addition,55.6368260000,-2.1348190000
180000,2003-11-28 00:00:00Z,TD12 4ST,Detached,Established,Freehold,3,,CROFT GARDENS,CROOKHAM,CORNHILL-ON-TWEED,BERWICK-UPON-TWEED,NORTHUMBERLAND,Standard,Addition,55.6367370000,-2.1333580000
89950,2003-09-22 00:00:00Z,TD12 4QL,Semi-Detached,Established,Freehold,1,,MINDRUM STATION COTTAGE,MINDRUM,MINDRUM,BERWICK-UPON-TWEED,NORTHUMBERLAND,Standard,Addition,55.5959640000,-2.2385050000
54500,2003-03-27 00:00:00Z,TD12 4UE,Semi-Detached,Established,Freehold,2,,POLICE OFFICE HOUSES,CORNHILL-ON-TWEED,CORNHILL-ON-TWEED,BERWICK-UPON-TWEED,NORTHUMBERLAND,Standard,Addition,55.6473880000,-2.2283470000
79150,2003-04-11 00:00:00Z,TD12 4SQ,Terraced,Established,Freehold,8,,CROOKHAM EASTFIELD FARM COTTAGES,CORNHILL-ON-TWEED,CORNHILL-ON-TWEED,BERWICK-UPON-TWEED,NORTHUMBERLAND,Standard,Addition,55.6443410000,-2.1473970000
93000,2004-05-20 00:00:00Z,TD12 4QL,Semi-Detached,Established,Freehold,1,,MINDRUM STATION COTTAGE,MINDRUM,MINDRUM,BERWICK-UPON-TWEED,NORTHUMBERLAND,Standard,Addition,55.5959640000,-2.2385050000
112500,2004-02-13 00:00:00Z,TD12 4SN,Detached,Established,Freehold,MARMION,,,BRANXTON,CORNHILL-ON-TWEED,BERWICK-UPON-TWEED,NORTHUMBERLAND,Standard,Addition,55.6308850000,-2.1715990000
80000,2004-07-29 00:00:00Z,TD12 4TJ,Terraced,Established,Freehold,3,,HEATHERSLAW PENSIONERS COTTAGE,CORNHILL-ON-TWEED,CORNHILL-ON-TWEED,BERWICK-UPON-TWEED,NORTHUMBERLAND,Standard,Addition,55.6362040000,-2.1090370000
175000,2004-09-01 00:00:00Z,TD12 4RE,Detached,Established,Freehold,MAIN STREET COTTAGE,,,WARK,CORNHILL-ON-TWEED,BERWICK-UPON-TWEED,NORTHUMBERLAND,Standard,Addition,55.6409130000,-2.2789400000
65000,2004-10-29 00:00:00Z,TD12 4UF,Detached,Established,Freehold,CORNHILL PETROL STATION,,,RAY MEAD ROAD,CORNHILL-ON-TWEED,BERWICK-UPON-TWEED,NORTHUMBERLAND,Standard,Addition,55.6487200000,-2.2224920000
95000,2004-07-27 00:00:00Z,TD12 4RH,Detached,Established,Freehold,1,,HILLTOP COTTAGES,WARK,CORNHILL-ON-TWEED,BERWICK-UPON-TWEED,NORTHUMBERLAND,Standard,Addition,55.6417030000,-2.2791680000
190000,2004-06-25 00:00:00Z,TD12 4QB,Detached,New Build,Freehold,6,,EAST LEARMOUTH FARM COTTAGE,CORNHILL-ON-TWEED,CORNHILL-ON-TWEED,BERWICK-UPON-TWEED,NORTHUMBERLAND,Standard,Addition,55.6322920000,-2.2185140000
135000,2004-09-30 00:00:00Z,TD12 4RE,Detached,Established,Freehold,KEEPERS COTTAGE,,,WARK,CORNHILL-ON-TWEED,BERWICK-UPON-TWEED,NORTHUMBERLAND,Standard,Addition,55.6409130000,-2.2789400000
120000,2004-01-22 00:00:00Z,TD12 4RA,Detached,Established,Freehold,MILLBRAE COTTAGE,,,CORNHILL-ON-TWEED,CORNHILL-ON-TWEED,BERWICK-UPON-TWEED,NORTHUMBERLAND,Standard,Addition,55.6458530000,-2.2277190000
75000,2004-01-09 00:00:00Z,TD12 4XN,Semi-Detached,Established,Freehold,10,,SUNNYSIDE COTTAGE,DONALDSONS LODGE,CORNHILL-ON-TWEED,BERWICK-UPON-TWEED,NORTHUMBERLAND,Standard,Addition,55.6667020000,-2.2054410000
90000,2005-09-16 00:00:00Z,TD12 4QG,Terraced,Established,Freehold,3,,KYPIE FARM COTTAGES,MINDRUM,MINDRUM,BERWICK-UPON-TWEED,NORTHUMBERLAND,Standard,Addition,55.5995380000,-2.1631620000
188500,2005-06-24 00:00:00Z,TD12 4RH,Detached,Established,Freehold,WATERSIDE HOUSE,,,WARK,CORNHILL-ON-TWEED,BERWICK-UPON-TWEED,NORTHUMBERLAND,Standard,Addition,55.6417030000,-2.2791680000
100000,2005-02-18 00:00:00Z,TD12 4QG,Terraced,Established,Freehold,2,,HOWTEL FARM COTTAGES,MINDRUM,MINDRUM,BERWICK-UPON-TWEED,NORTHUMBERLAND,Standard,Addition,55.5995380000,-2.1631620000
135000,2005-07-09 00:00:00Z,TD12 4QS,Terraced,Established,Freehold,7,,KILHAM COTTAGE,MINDRUM,MINDRUM,BERWICK-UPON-TWEED,NORTHUMBERLAND,Standard,Addition,55.5849210000,-2.1868650000
120000,2005-08-05 00:00:00Z,TD12 4SP,Semi-Detached,Established,Freehold,11,,FLODDEN CRESCENT,BRANXTON,CORNHILL-ON-TWEED,BERWICK-UPON-TWEED,NORTHUMBERLAND,Standard,Addition,55.6312110000,-2.1700280000
180000,2005-10-17 00:00:00Z,TD12 4SW,Detached,Established,Freehold,ROTHERFIELD,,,BRANXTON,CORNHILL-ON-TWEED,BERWICK-UPON-TWEED,NORTHUMBERLAND,Standard,Addition,55.6319860000,-2.1685060000
88000,2005-08-25 00:00:00Z,TD12 4QB,Terraced,Established,Freehold,5,,EAST LEARMOUTH OLD ROW,,CORNHILL-ON-TWEED,BERWICK-UPON-TWEED,NORTHUMBERLAND,Standard,Addition,55.6322920000,-2.2185140000
97000,2005-01-06 00:00:00Z,TD12 4RE,Semi-Detached,Established,Freehold,WAYSIDE COTTAGE,,,WARK,CORNHILL-ON-TWEED,BERWICK-UPON-TWEED,NORTHUMBERLAND,Standard,Addition,55.6409130000,-2.2789400000
110000,2005-07-15 00:00:00Z,TD12 4SQ,Terraced,Established,Freehold,4,,CROOKHAM EASTFIELD FARM COTTAGES,CORNHILL-ON-TWEED,CORNHILL-ON-TWEED,BERWICK-UPON-TWEED,NORTHUMBERLAND,Standard,Addition,55.6443410000,-2.1473970000
190000,2005-02-25 00:00:00Z,TD12 4RH,Semi-Detached,Established,Freehold,COMPTON COTTAGE,,,WARK,CORNHILL-ON-TWEED,BERWICK-UPON-TWEED,NORTHUMBERLAND,Standard,Addition,55.6417030000,-2.2791680000
80750,2005-06-16 00:00:00Z,TD12 4SP,Semi-Detached,Established,Freehold,2,,FLODDEN CRESCENT,BRANXTON,CORNHILL-ON-TWEED,BERWICK-UPON-TWEED,NORTHUMBERLAND,Standard,Addition,55.6312110000,-2.1700280000
190000,2005-01-25 00:00:00Z,TD12 4SJ,Semi-Detached,Established,Freehold,2,,MARDON FARM COTTAGE,CORNHILL-ON-TWEED,CORNHILL-ON-TWEED,BERWICK-UPON-TWEED,NORTHUMBERLAND,Standard,Addition,55.6341320000,-2.1555860000
180000,2006-11-24 00:00:00Z,TD12 4UQ,Detached,Established,Freehold,HOTELLANDS COTTAGE,,,CORNHILL-ON-TWEED,CORNHILL-ON-TWEED,BERWICK-UPON-TWEED,NORTHUMBERLAND,Standard,Addition,55.6462610000,-2.2254180000
95000,2006-03-31 00:00:00Z,TD12 4UT,Semi-Detached,Established,Freehold,TILLMOUTH PARK,DROVER COTTAGE,,CORNHILL-ON-TWEED,CORNHILL-ON-TWEED,BERWICK-UPON-TWEED,NORTHUMBERLAND,Standard,Addition,55.6771050000,-2.1899920000
130000,2006-10-27 00:00:00Z,TD12 4UQ,Detached,Established,Freehold,OLD SCHOOL HOUSE,,,CORNHILL-ON-TWEED,CORNHILL-ON-TWEED,BERWICK-UPON-TWEED,NORTHUMBERLAND,Standard,Addition,55.6462610000,-2.2254180000
140000,2006-12-20 00:00:00Z,TD12 4UP,Terraced,Established,Freehold,1,,ST CUTHBERTS COTTAGES,CORNHILL-ON-TWEED,CORNHILL-ON-TWEED,BERWICK-UPON-TWEED,NORTHUMBERLAND,Standard,Addition,55.6691000000,-2.2010660000
152500,2006-12-20 00:00:00Z,TD12 4QG,Terraced,Established,Freehold,4,,HOWTEL FARM COTTAGES,MINDRUM,MINDRUM,BERWICK-UPON-TWEED,NORTHUMBERLAND,Standard,Addition,55.5995380000,-2.1631620000
720000,2006-06-30 00:00:00Z,TD12 4UQ,Detached,Established,Freehold,THE OLD VICARAGE,,,,CORNHILL-ON-TWEED,BERWICK-UPON-TWEED,NORTHUMBERLAND,Standard,Addition,55.6462610000,-2.2254180000
145000,2006-08-02 00:00:00Z,TD12 4SJ,Semi-Detached,Established,Freehold,1,,MARDON FARM COTTAGE,CORNHILL-ON-TWEED,CORNHILL-ON-TWEED,BERWICK-UPON-TWEED,NORTHUMBERLAND,Standard,Addition,55.6341320000,-2.1555860000
65000,2006-04-24 00:00:00Z,TD12 4UN,Semi-Detached,Established,Freehold,1,,GREEN LANE GATES,CORNHILL-ON-TWEED,CORNHILL-ON-TWEED,BERWICK-UPON-TWEED,NORTHUMBERLAND,Standard,Addition,55.6530750000,-2.2080790000
132500,2006-11-10 00:00:00Z,TD12 4RH,Detached,Established,Freehold,1,,HILLTOP COTTAGES,WARK,CORNHILL-ON-TWEED,BERWICK-UPON-TWEED,NORTHUMBERLAND,Standard,Addition,55.6417030000,-2.2791680000
130000,2006-06-05 00:00:00Z,TD12 4SQ,Terraced,Established,Freehold,4,,CROOKHAM EASTFIELD FARM COTTAGES,CORNHILL-ON-TWEED,CORNHILL-ON-TWEED,BERWICK-UPON-TWEED,NORTHUMBERLAND,Standard,Addition,55.6443410000,-2.1473970000
107500,2006-03-31 00:00:00Z,TD12 4UT,Terraced,New Build,Freehold,TILLMOUTH PARK,KEEPERS COTTAGE,,CORNHILL-ON-TWEED,CORNHILL-ON-TWEED,BERWICK-UPON-TWEED,NORTHUMBERLAND,Standard,Addition,55.6771050000,-2.1899920000
179000,2006-04-20 00:00:00Z,TD12 4US,Detached,Established,Freehold,4,,TWEED VIEW,CORNHILL-ON-TWEED,CORNHILL-ON-TWEED,BERWICK-UPON-TWEED,NORTHUMBERLAND,Standard,Addition,55.6476320000,-2.2277920000
116000,2006-12-15 00:00:00Z,TD12 4SP,Semi-Detached,Established,Freehold,5,,FLODDEN CRESCENT,BRANXTON,CORNHILL-ON-TWEED,BERWICK-UPON-TWEED,NORTHUMBERLAND,Standard,Addition,55.6312110000,-2.1700280000
114000,2006-02-28 00:00:00Z,TD12 4SF,Terraced,Established,Freehold,BARELEES FARM COTTAGE,4,,CORNHILL-ON-TWEED,CORNHILL-ON-TWEED,BERWICK-UPON-TWEED,NORTHUMBERLAND,Standard,Addition,55.6407270000,-2.1993160000
132000,2006-09-20 00:00:00Z,TD12 4QL,Terraced,Established,Freehold,2,,MINDRUM STATION COTTAGE,MINDRUM,MINDRUM,BERWICK-UPON-TWEED,NORTHUMBERLAND,Standard,Addition,55.5959640000,-2.2385050000
97010,2006-12-08 00:00:00Z,TD12 4UB,Semi-Detached,Established,Freehold,7,,ST HELENS GARDENS,CORNHILL-ON-TWEED,CORNHILL-ON-TWEED,BERWICK-UPON-TWEED,NORTHUMBERLAND,Standard,Addition,55.6472940000,-2.2259480000
387500,2006-02-22 00:00:00Z,TD12 4UT,Detached,Established,Freehold,TILLMOUTH PARK,OLD SCHOOL HOUSE,,CORNHILL-ON-TWEED,CORNHILL-ON-TWEED,BERWICK-UPON-TWEED,NORTHUMBERLAND,Standard,Addition,55.6771050000,-2.1899920000
79700,2006-10-27 00:00:00Z,TD12 4UF,Semi-Detached,Established,Freehold,4,,CORNHILL NEW FARM COTTAGE,CORNHILL-ON-TWEED,CORNHILL-ON-TWEED,BERWICK-UPON-TWEED,NORTHUMBERLAND,Standard,Addition,55.6487200000,-2.2224920000
245000,2006-01-30 00:00:00Z,TD12 4RE,Detached,Established,Freehold,DOVECOTE,,,WARK,CORNHILL-ON-TWEED,BERWICK-UPON-TWEED,NORTHUMBERLAND,Standard,Addition,55.6409130000,-2.2789400000
117500,2006-03-31 00:00:00Z,TD12 4UT,Terraced,New Build,Freehold,TILLMOUTH PARK,REIVER COTTAGE,,CORNHILL-ON-TWEED,CORNHILL-ON-TWEED,BERWICK-UPON-TWEED,NORTHUMBERLAND,Standard,Addition,55.6771050000,-2.1899920000
160000,2006-03-10 00:00:00Z,TD12 4SY,Semi-Detached,Established,Freehold,12A,MAPLE COTTAGE,,CROOKHAM,CORNHILL-ON-TWEED,BERWICK-UPON-TWEED,NORTHUMBERLAND,Standard,Addition,55.6368260000,-2.1348190000
175000,2007-06-11 00:00:00Z,TD12 4SY,Terraced,Established,Freehold,28,,,CROOKHAM,CORNHILL-ON-TWEED,BERWICK-UPON-TWEED,NORTHUMBERLAND,Standard,Addition,55.6368260000,-2.1348190000
277000,2007-02-02 00:00:00Z,TD12 4XN,Detached,Established,Freehold,SUEHOLME,,,DONALDSONS LODGE,CORNHILL-ON-TWEED,BERWICK-UPON-TWEED,NORTHUMBERLAND,Standard,Addition,55.6667020000,-2.2054410000
349000,2007-10-19 00:00:00Z,TD12 4ST,Detached,Established,Freehold,2,,CROFT GARDENS,CROOKHAM,CORNHILL-ON-TWEED,BERWICK-UPON-TWEED,NORTHUMBERLAND,Standard,Addition,55.6367370000,-2.1333580000
105000,2007-04-27 00:00:00Z,TD12 4RE,Detached,Established,Freehold,SHERATON COTTAGE,,,WARK,CORNHILL-ON-TWEED,BERWICK-UPON-TWEED,NORTHUMBERLAND,Standard,Addition,55.6409130000,-2.2789400000
165000,2007-08-17 00:00:00Z,TD12 4UP,Terraced,Established,Freehold,2,,ST CUTHBERTS COTTAGES,CORNHILL-ON-TWEED,CORNHILL-ON-TWEED,BERWICK-UPON-TWEED,NORTHUMBERLAND,Standard,Addition,55.6691000000,-2.2010660000
195000,2007-04-05 00:00:00Z,TD12 4XN,Detached,Established,Freehold,THE LAURELS,,,DONALDSONS LODGE,CORNHILL-ON-TWEED,BERWICK-UPON-TWEED,NORTHUMBERLAND,Standard,Addition,55.6667020000,-2.2054410000
162000,2007-10-31 00:00:00Z,TD12 4UP,Terraced,Established,Freehold,1,,ST CUTHBERTS COTTAGES,CORNHILL-ON-TWEED,CORNHILL-ON-TWEED,BERWICK-UPON-TWEED,NORTHUMBERLAND,Standard,Addition,55.6691000000,-2.2010660000
119500,2007-02-23 00:00:00Z,TD12 4RH,Terraced,Established,Freehold,2,,HILLTOP COTTAGES,WARK,CORNHILL-ON-TWEED,BERWICK-UPON-TWEED,NORTHUMBERLAND,Standard,Addition,55.6417030000,-2.2791680000
70000,2007-04-27 00:00:00Z,TD12 4UF,Semi-Detached,New Build,Freehold,3,,CORNHILL NEW FARM COTTAGE,CORNHILL-ON-TWEED,CORNHILL-ON-TWEED,BERWICK-UPON-TWEED,NORTHUMBERLAND,Standard,Addition,55.6487200000,-2.2224920000
178500,2007-08-01 00:00:00Z,TD12 4RE,Detached,Established,Freehold,1,,OLD SCHOOL GARDENS,WARK,CORNHILL-ON-TWEED,BERWICK-UPON-TWEED,NORTHUMBERLAND,Standard,Addition,55.6409130000,-2.2789400000
105000,2007-02-09 00:00:00Z,TD12 4UT,Terraced,New Build,Freehold,TILLMOUTH PARK,SADDLER COTTAGE,,CORNHILL-ON-TWEED,CORNHILL-ON-TWEED,BERWICK-UPON-TWEED,NORTHUMBERLAND,Standard,Addition,55.6771050000,-2.1899920000
155000,2007-10-17 00:00:00Z,TD12 4QS,Semi-Detached,Established,Freehold,4,,KILHAM COTTAGE,MINDRUM,MINDRUM,BERWICK-UPON-TWEED,NORTHUMBERLAND,Standard,Addition,55.5849210000,-2.1868650000
95000,2007-01-19 00:00:00Z,TD12 4UT,Semi-Detached,Established,Freehold,TILLMOUTH PARK,DROVER COTTAGE,,CORNHILL-ON-TWEED,CORNHILL-ON-TWEED,BERWICK-UPON-TWEED,NORTHUMBERLAND,Standard,Addition,55.6771050000,-2.1899920000
575000,2007-05-12 00:00:00Z,TD12 4SX,Detached,Established,Freehold,1,,,CROOKHAM,CORNHILL-ON-TWEED,BERWICK-UPON-TWEED,NORTHUMBERLAND,Standard,Addition,55.6373660000,-2.1335820000
240000,2007-11-09 00:00:00Z,TD12 4SH,Semi-Detached,Established,Freehold,DUNVAGAN,,PALLINSBURN,CORNHILL-ON-TWEED,CORNHILL-ON-TWEED,BERWICK-UPON-TWEED,NORTHUMBERLAND,Standard,Addition,55.6377420000,-2.1430990000
200000,2007-09-07 00:00:00Z,TD12 4UD,Detached,Established,Freehold,CORNHILL LODGE,,,CORNHILL-ON-TWEED,CORNHILL-ON-TWEED,BERWICK-UPON-TWEED,NORTHUMBERLAND,Standard,Addition,55.6463230000,-2.2303500000
157000,2007-04-12 00:00:00Z,TD12 4SX,Semi-Detached,Established,Freehold,15,,,CROOKHAM,CORNHILL-ON-TWEED,BERWICK-UPON-TWEED,NORTHUMBERLAND,Standard,Addition,55.6373660000,-2.1335820000
105000,2007-11-16 00:00:00Z,TD12 4RH,Detached,Established,Freehold,MYRTLE COTTAGE,,,WARK,CORNHILL-ON-TWEED,BERWICK-UPON-TWEED,NORTHUMBERLAND,Standard,Addition,55.6417030000,-2.2791680000
225000,2008-09-15 00:00:00Z,TD12 4UJ,Detached,Established,Freehold,HOPE COTTAGE,,MAIN STREET,,CORNHILL-ON-TWEED,NORTHUMBERLAND,NORTHUMBERLAND,Standard,Addition,55.6468660000,-2.2244830000
274500,2008-07-31 00:00:00Z,TD12 4RE,Detached,Established,Freehold,KAIM COTTAGE,,,WARK,CORNHILL-ON-TWEED,BERWICK-UPON-TWEED,NORTHUMBERLAND,Standard,Addition,55.6409130000,-2.2789400000
199000,2008-10-31 00:00:00Z,TD12 4US,Detached,Established,Freehold,4,,TWEED VIEW,CORNHILL-ON-TWEED,CORNHILL-ON-TWEED,BERWICK-UPON-TWEED,NORTHUMBERLAND,Standard,Addition,55.6476320000,-2.2277920000
135000,2008-10-03 00:00:00Z,TD12 4SP,Semi-Detached,Established,Freehold,5,,FLODDEN CRESCENT,BRANXTON,CORNHILL-ON-TWEED,BERWICK-UPON-TWEED,NORTHUMBERLAND,Standard,Addition,55.6312110000,-2.1700280000
310000,2008-03-28 00:00:00Z,TD12 4WB,Detached,New Build,Freehold,11,,TWEED MEADOWS,CORNHILL-ON-TWEED,CORNHILL-ON-TWEED,BERWICK-UPON-TWEED,NORTHUMBERLAND,Standard,Addition,55.6476320000,-2.2228510000
189000,2008-08-20 00:00:00Z,TD12 4SA,Detached,Established,Freehold,CROSSWAYS,,,CORNHILL-ON-TWEED,CORNHILL-ON-TWEED,BERWICK-UPON-TWEED,NORTHUMBERLAND,Standard,Addition,55.6479500000,-2.2212320000
125000,2008-08-12 00:00:00Z,TD12 4RE,Semi-Detached,Established,Freehold,WAYSIDE COTTAGE,,,WARK,CORNHILL-ON-TWEED,BERWICK-UPON-TWEED,NORTHUMBERLAND,Standard,Addition,55.6409130000,-2.2789400000
188000,2008-12-09 00:00:00Z,TD12 4WB,Detached,New Build,Freehold,14,,TWEED MEADOWS,CORNHILL-ON-TWEED,CORNHILL-ON-TWEED,BERWICK-UPON-TWEED,NORTHUMBERLAND,Standard,Addition,55.6476320000,-2.2228510000
145000,2008-11-25 00:00:00Z,TD12 4UP,Semi-Detached,Established,Freehold,3,,ST CUTHBERTS COTTAGES,CORNHILL-ON-TWEED,CORNHILL-ON-TWEED,BERWICK-UPON-TWEED,NORTHUMBERLAND,Standard,Addition,55.6691000000,-2.2010660000
247000,2008-07-31 00:00:00Z,TD12 4SL,Detached,Established,Freehold,OAKLEA,,,BRANXTON,CORNHILL-ON-TWEED,BERWICK-UPON-TWEED,NORTHUMBERLAND,Standard,Addition,55.6322910000,-2.1686030000
335000,2008-09-30 00:00:00Z,TD12 4SY,Detached,Established,Freehold,OAKWOOD,,,CROOKHAM,CORNHILL-ON-TWEED,BERWICK-UPON-TWEED,NORTHUMBERLAND,Standard,Addition,55.6368260000,-2.1348190000
114000,2008-09-01 00:00:00Z,TD12 4QL,Terraced,Established,Freehold,3,,MINDRUM STATION COTTAGE,MINDRUM,MINDRUM,BERWICK-UPON-TWEED,NORTHUMBERLAND,Standard,Addition,55.5959640000,-2.2385050000
190500,2008-04-21 00:00:00Z,TD12 4TS,Detached,Established,Freehold,2,WINDYCREST,THE SIDINGS,CORNHILL-ON-TWEED,CORNHILL-ON-TWEED,BERWICK-UPON-TWEED,NORTHUMBERLAND,Standard,Addition,55.6490490000,-2.2196020000
221000,2008-10-14 00:00:00Z,TD12 4WB,Semi-Detached,New Build,Freehold,2,,TWEED MEADOWS,CORNHILL-ON-TWEED,CORNHILL-ON-TWEED,BERWICK-UPON-TWEED,NORTHUMBERLAND,Standard,Addition,55.6476320000,-2.2228510000
149000,2008-01-23 00:00:00Z,TD12 4SX,Semi-Detached,Established,Freehold,15,,,CROOKHAM,CORNHILL-ON-TWEED,BERWICK-UPON-TWEED,NORTHUMBERLAND,Standard,Addition,55.6373660000,-2.1335820000
190000,2008-12-02 00:00:00Z,TD12 4RH,Detached,Established,Freehold,MYRTLE COTTAGE,,,WARK,CORNHILL-ON-TWEED,BERWICK-UPON-TWEED,NORTHUMBERLAND,Standard,Addition,55.6417030000,-2.2791680000
165000,2008-06-17 00:00:00Z,TD12 4SW,Detached,Established,Freehold,BRAESIDE,,,BRANXTON,CORNHILL-ON-TWEED,BERWICK-UPON-TWEED,NORTHUMBERLAND,Standard,Addition,55.6319860000,-2.1685060000
160000,2009-01-30 00:00:00Z,TD12 4SN,Detached,Established,Freehold,THE COTTAGE,,,BRANXTON,CORNHILL-ON-TWEED,BERWICK-UPON-TWEED,NORTHUMBERLAND,Standard,Addition,55.6308850000,-2.1715990000
181000,2009-10-30 00:00:00Z,TD12 4SL,Detached,Established,Freehold,DUNEDIN,,,BRANXTON,CORNHILL-ON-TWEED,NORTHUMBERLAND,NORTHUMBERLAND,Standard,Addition,55.6322910000,-2.1686030000
207000,2009-07-17 00:00:00Z,TD12 4SW,Detached,Established,Freehold,AUCHMORE,,,BRANXTON,CORNHILL-ON-TWEED,NORTHUMBERLAND,NORTHUMBERLAND,Standard,Addition,55.6319860000,-2.1685060000
134000,2009-09-11 00:00:00Z,TD12 4SP,Semi-Detached,Established,Freehold,5,,FLODDEN CRESCENT,BRANXTON,CORNHILL-ON-TWEED,NORTHUMBERLAND,NORTHUMBERLAND,Standard,Addition,55.6312110000,-2.1700280000
213000,2009-02-04 00:00:00Z,TD12 4US,Detached,Established,Freehold,3,,TWEED VIEW,CORNHILL-ON-TWEED,CORNHILL-ON-TWEED,BERWICK-UPON-TWEED,NORTHUMBERLAND,Standard,Addition,55.6476320000,-2.2277920000
163000,2009-09-23 00:00:00Z,TD12 4XH,Semi-Detached,Established,Freehold,1,,NEW HEATON COTTAGES,,CORNHILL-ON-TWEED,NORTHUMBERLAND,NORTHUMBERLAND,Standard,Addition,55.6542580000,-2.1763410000
165000,2009-12-21 00:00:00Z,TD12 4QG,Terraced,Established,Freehold,3,,HOWTEL FARM COTTAGES,,MINDRUM,NORTHUMBERLAND,NORTHUMBERLAND,Standard,Addition,55.5995380000,-2.1631620000
140000,2009-01-26 00:00:00Z,TD12 4SN,Semi-Detached,Established,Freehold,MARMION HOUSE,,,BRANXTON,CORNHILL-ON-TWEED,BERWICK-UPON-TWEED,NORTHUMBERLAND,Standard,Addition,55.6308850000,-2.1715990000
147000,2009-10-01 00:00:00Z,TD12 4XH,Semi-Detached,Established,Freehold,2,,NEW HEATON COTTAGES,,CORNHILL-ON-TWEED,NORTHUMBERLAND,NORTHUMBERLAND,Standard,Addition,55.6542580000,-2.1763410000
95000,2009-08-27 00:00:00Z,TD12 4RH,Detached,Established,Freehold,RAINBOW COTTAGE,,,WARK,CORNHILL-ON-TWEED,NORTHUMBERLAND,NORTHUMBERLAND,Standard,Addition,55.6417030000,-2.2791680000
139950,2009-11-12 00:00:00Z,TD12 4QG,Semi-Detached,Established,Freehold,2,,HOWTEL FARM COTTAGES,,MINDRUM,NORTHUMBERLAND,NORTHUMBERLAND,Standard,Addition,55.5995380000,-2.1631620000
270000,2009-10-30 00:00:00Z,TD12 4WB,Detached,New Build,Freehold,12,,TWEED MEADOWS,,CORNHILL-ON-TWEED,NORTHUMBERLAND,NORTHUMBERLAND,Standard,Addition,55.6476320000,-2.2228510000
175000,2009-12-07 00:00:00Z,TD12 4SR,Terraced,Established,Freehold,2,,BLUE ROW,BRANXTON,CORNHILL-ON-TWEED,NORTHUMBERLAND,NORTHUMBERLAND,Standard,Addition,55.6324360000,-2.1679360000
90000,2010-03-19 00:00:00Z,TD12 4SY,Terraced,Established,Freehold,26,,,CROOKHAM,CORNHILL-ON-TWEED,NORTHUMBERLAND,NORTHUMBERLAND,Standard,Addition,55.6368260000,-2.1348190000
180000,2010-06-30 00:00:00Z,TD12 4QL,Detached,Established,Freehold,9,,MINDRUM MILL FARM COTTAGE,,MINDRUM,NORTHUMBERLAND,NORTHUMBERLAND,Standard,Addition,55.5959640000,-2.2385050000
397500,2010-10-20 00:00:00Z,TD12 4RA,Detached,Established,Freehold,DRUMLIN,,,,CORNHILL-ON-TWEED,NORTHUMBERLAND,NORTHUMBERLAND,Standard,Addition,55.6458530000,-2.2277190000
430000,2010-10-08 00:00:00Z,TD12 4QG,Semi-Detached,Established,Freehold,WEST BOWMONT HOUSE HOWTEL,,,,MINDRUM,NORTHUMBERLAND,NORTHUMBERLAND,Standard,Addition,55.5995380000,-2.1631620000
229000,2010-07-28 00:00:00Z,TD12 4RE,Detached,Established,Freehold,KEEPERS COTTAGE,,,WARK,CORNHILL-ON-TWEED,NORTHUMBERLAND,NORTHUMBERLAND,Standard,Addition,55.6409130000,-2.2789400000
89000,2010-01-20 00:00:00Z,TD12 4SN,Semi-Detached,Established,Freehold,CHURCH VIEW,,,BRANXTON,CORNHILL-ON-TWEED,NORTHUMBERLAND,NORTHUMBERLAND,Standard,Addition,55.6308850000,-2.1715990000
75000,2010-03-23 00:00:00Z,TD12 4QH,Detached,Established,Freehold,BARLEY COTTAGE,,,,MINDRUM,NORTHUMBERLAND,NORTHUMBERLAND,Standard,Addition,55.5961930000,-2.1838880000
112000,2010-09-10 00:00:00Z,TD12 4UF,Semi-Detached,Established,Freehold,3,,CORNHILL NEW FARM COTTAGE,,CORNHILL-ON-TWEED,NORTHUMBERLAND,NORTHUMBERLAND,Standard,Addition,55.6487200000,-2.2224920000
129000,2010-07-26 00:00:00Z,TD12 4SP,Terraced,Established,Freehold,11,,FLODDEN CRESCENT,BRANXTON,CORNHILL-ON-TWEED,NORTHUMBERLAND,NORTHUMBERLAND,Standard,Addition,55.6312110000,-2.1700280000
138000,2010-08-04 00:00:00Z,TD12 4TA,Terraced,Established,Freehold,36,,,CROOKHAM,CORNHILL-ON-TWEED,NORTHUMBERLAND,NORTHUMBERLAND,Standard,Addition,55.6370290000,-2.1361790000
269000,2010-05-14 00:00:00Z,TD12 4WB,Detached,New Build,Freehold,10,,TWEED MEADOWS,,CORNHILL-ON-TWEED,NORTHUMBERLAND,NORTHUMBERLAND,Standard,Addition,55.6476320000,-2.2228510000
170000,2010-09-10 00:00:00Z,TD12 4UF,Detached,Established,Freehold,THE ELMS,,,,CORNHILL-ON-TWEED,NORTHUMBERLAND,NORTHUMBERLAND,Standard,Addition,55.6487200000,-2.2224920000
230000,2010-02-26 00:00:00Z,TD12 4TE,Detached,Established,Freehold,MOUNT PLEASANT COTTAGE,,,,CORNHILL-ON-TWEED,NORTHUMBERLAND,NORTHUMBERLAND,Standard,Addition,55.6286870000,-2.1226830000
81000,2010-08-13 00:00:00Z,TD12 4RE,Detached,Established,Freehold,NORTHCLIFFE,,,WARK,CORNHILL-ON-TWEED,NORTHUMBERLAND,NORTHUMBERLAND,Standard,Addition,55.6409130000,-2.2789400000
80000,2010-05-14 00:00:00Z,TD12 4UH,Terraced,Established,Freehold,CARLOWRIE,,MAIN STREET,,CORNHILL-ON-TWEED,NORTHUMBERLAND,NORTHUMBERLAND,Standard,Addition,55.6470870000,-2.2261690000
100000,2011-12-07 00:00:00Z,TD12 4QB,Terraced,Established,Freehold,5,,EAST LEARMOUTH OLD ROW,,CORNHILL-ON-TWEED,NORTHUMBERLAND,NORTHUMBERLAND,Standard,Addition,55.6322920000,-2.2185140000
230000,2011-03-25 00:00:00Z,TD12 4WB,Detached,Established,Freehold,"CURLEW COTTAGE, 7",,TWEED MEADOWS,,CORNHILL-ON-TWEED,NORTHUMBERLAND,NORTHUMBERLAND,Standard,Addition,55.6476320000,-2.2228510000
160000,2011-03-04 00:00:00Z,TD12 4SY,Semi-Detached,Established,Freehold,12A,MAPLE COTTAGE,,CROOKHAM,CORNHILL-ON-TWEED,NORTHUMBERLAND,NORTHUMBERLAND,Standard,Addition,55.6368260000,-2.1348190000
195000,2011-12-16 00:00:00Z,TD12 4SL,Semi-Detached,Established,Freehold,THE POPLARS,,,BRANXTON,CORNHILL-ON-TWEED,NORTHUMBERLAND,NORTHUMBERLAND,Standard,Addition,55.6322910000,-2.1686030000
131700,2011-12-02 00:00:00Z,TD12 4XN,Semi-Detached,Established,Freehold,SUNNYCROFT,,,DONALDSONS LODGE,CORNHILL-ON-TWEED,NORTHUMBERLAND,NORTHUMBERLAND,Standard,Addition,55.6667020000,-2.2054410000
265000,2011-05-09 00:00:00Z,TD12 4WB,Detached,New Build,Freehold,5,,TWEED MEADOWS,,CORNHILL-ON-TWEED,NORTHUMBERLAND,NORTHUMBERLAND,Standard,Addition,55.6476320000,-2.2228510000
130000,2011-02-11 00:00:00Z,TD12 4UA,Semi-Detached,Established,Freehold,1,,KNOWE HEAD,,CORNHILL-ON-TWEED,NORTHUMBERLAND,NORTHUMBERLAND,Standard,Addition,55.6460180000,-2.2260510000
150000,2011-02-18 00:00:00Z,TD12 4RA,Detached,Established,Freehold,THE OLD MILL,,,,CORNHILL-ON-TWEED,NORTHUMBERLAND,NORTHUMBERLAND,Standard,Addition,55.6458530000,-2.2277190000
180000,2012-09-28 00:00:00Z,TD12 4SJ,Semi-Detached,Established,Freehold,2,,MARDON FARM COTTAGE,,CORNHILL-ON-TWEED,NORTHUMBERLAND,NORTHUMBERLAND,Standard,Addition,55.6341320000,-2.1555860000
300000,2012-09-10 00:00:00Z,TD12 4QL,Detached,Established,Freehold,MINDRUM STATION HOUSE,,,,MINDRUM,NORTHUMBERLAND,NORTHUMBERLAND,Standard,Addition,55.5959640000,-2.2385050000
125000,2012-04-12 00:00:00Z,TD12 4XH,Semi-Detached,Established,Freehold,2,,NEW HEATON COTTAGES,,CORNHILL-ON-TWEED,NORTHUMBERLAND,NORTHUMBERLAND,Standard,Addition,55.6542580000,-2.1763410000
224000,2012-04-23 00:00:00Z,TD12 4SY,Terraced,Established,Freehold,28,,,CROOKHAM VILLAGE,CORNHILL-ON-TWEED,NORTHUMBERLAND,NORTHUMBERLAND,Standard,Addition,55.6368260000,-2.1348190000
60000,2012-11-23 00:00:00Z,TD12 4SR,Terraced,Established,Freehold,3,,BLUE ROW,BRANXTON,CORNHILL-ON-TWEED,NORTHUMBERLAND,NORTHUMBERLAND,Standard,Addition,55.6324360000,-2.1679360000
80000,2012-09-21 00:00:00Z,TD12 4XN,Terraced,Established,Freehold,8,,SUNNYSIDE COTTAGE,DONALDSONS LODGE,CORNHILL-ON-TWEED,NORTHUMBERLAND,NORTHUMBERLAND,Standard,Addition,55.6667020000,-2.2054410000
227000,2012-01-31 00:00:00Z,TD12 4US,Detached,Established,Freehold,3,,TWEED VIEW,,CORNHILL-ON-TWEED,NORTHUMBERLAND,NORTHUMBERLAND,Standard,Addition,55.6476320000,-2.2277920000
150000,2012-02-09 00:00:00Z,TD12 4SP,Semi-Detached,Established,Freehold,8,,FLODDEN CRESCENT,BRANXTON,CORNHILL-ON-TWEED,NORTHUMBERLAND,NORTHUMBERLAND,Standard,Addition,55.6312110000,-2.1700280000
153000,2012-01-31 00:00:00Z,TD12 4SY,Terraced,Established,Freehold,26,,,CROOKHAM,CORNHILL-ON-TWEED,NORTHUMBERLAND,NORTHUMBERLAND,Standard,Addition,55.6368260000,-2.1348190000
150000,2012-10-26 00:00:00Z,TD12 4SN,Detached,New Build,Freehold,MERCATOR,,,BRANXTON,CORNHILL-ON-TWEED,NORTHUMBERLAND,NORTHUMBERLAND,Standard,Addition,55.6308850000,-2.1715990000
145000,2012-04-19 00:00:00Z,TD12 4UT,Terraced,Established,Freehold,TILLMOUTH PARK,DROVER COTTAGE,,,CORNHILL-ON-TWEED,NORTHUMBERLAND,NORTHUMBERLAND,Standard,Addition,55.6771050000,-2.1899920000
350000,2012-04-23 00:00:00Z,TD12 4ST,Detached,Established,Freehold,1,,CROFT GARDENS,CROOKHAM,CORNHILL-ON-TWEED,NORTHUMBERLAND,NORTHUMBERLAND,Standard,Addition,55.6367370000,-2.1333580000
155000,2012-10-10 00:00:00Z,TD12 4SN,Semi-Detached,New Build,Freehold,WELL HOUSE,,,BRANXTON,CORNHILL-ON-TWEED,NORTHUMBERLAND,NORTHUMBERLAND,Standard,Addition,55.6308850000,-2.1715990000
178800,2013-02-15 00:00:00Z,TD12 4QS,Semi-Detached,Established,Freehold,4,,KILHAM COTTAGE,,MINDRUM,NORTHUMBERLAND,NORTHUMBERLAND,Standard,Addition,55.5849210000,-2.1868650000
134000,2013-04-08 00:00:00Z,TD12 4UY,Detached,Established,Freehold,TWIZEL SMITHY,,,,CORNHILL-ON-TWEED,NORTHUMBERLAND,NORTHUMBERLAND,Standard,Addition,55.6855400000,-2.1776830000
179995,2013-01-03 00:00:00Z,TD12 4UH,Terraced,Established,Freehold,CHURCH VIEW COTTAGE,,MAIN STREET,,CORNHILL-ON-TWEED,NORTHUMBERLAND,NORTHUMBERLAND,Standard,Addition,55.6470870000,-2.2261690000
210000,2013-09-20 00:00:00Z,TD12 4UJ,Detached,Established,Freehold,THE COTTAGE,,MAIN STREET,,CORNHILL-ON-TWEED,NORTHUMBERLAND,NORTHUMBERLAND,Standard,Addition,55.6468660000,-2.2244830000
72000,2013-05-10 00:00:00Z,TD12 4XN,Terraced,Established,Freehold,5,,SUNNYSIDE COTTAGE,DONALDSONS LODGE,CORNHILL-ON-TWEED,NORTHUMBERLAND,NORTHUMBERLAND,Standard,Addition,55.6667020000,-2.2054410000
142000,2013-06-10 00:00:00Z,TD12 4XH,Semi-Detached,Established,Freehold,2,,NEW HEATON COTTAGES,,CORNHILL-ON-TWEED,NORTHUMBERLAND,NORTHUMBERLAND,Standard,Addition,55.6542580000,-2.1763410000
227000,2013-07-24 00:00:00Z,TD12 4US,Detached,Established,Freehold,3,,TWEED VIEW,,CORNHILL-ON-TWEED,NORTHUMBERLAND,NORTHUMBERLAND,Standard,Addition,55.6476320000,-2.2277920000
299950,2013-07-24 00:00:00Z,TD12 4QL,Detached,Established,Freehold,1,,MINDRUM MILL FARM COTTAGE,,MINDRUM,NORTHUMBERLAND,NORTHUMBERLAND,Standard,Addition,55.5959640000,-2.2385050000
220000,2013-07-19 00:00:00Z,TD12 4WB,Detached,New Build,Freehold,8,,TWEED MEADOWS,,CORNHILL-ON-TWEED,NORTHUMBERLAND,NORTHUMBERLAND,Standard,Addition,55.6476320000,-2.2228510000
150000,2013-07-29 00:00:00Z,TD12 4SX,Semi-Detached,Established,Freehold,15,,,CROOKHAM VILLAGE,CORNHILL-ON-TWEED,NORTHUMBERLAND,NORTHUMBERLAND,Standard,Addition,55.6373660000,-2.1335820000
320000,2013-07-24 00:00:00Z,TD12 4TE,Detached,Established,Freehold,MOUNT PLEASANT FARM HOUSE,,,,CORNHILL-ON-TWEED,NORTHUMBERLAND,NORTHUMBERLAND,Standard,Addition,55.6286870000,-2.1226830000
225000,2013-04-30 00:00:00Z,TD12 4QR,Detached,Established,Freehold,PAWSTON,THE POLICE HOUSE,,,MINDRUM,NORTHUMBERLAND,NORTHUMBERLAND,Standard,Addition,55.5898420000,-2.2258710000
131000,2014-12-04 00:00:00Z,TD12 4RH,Detached,Established,Freehold,MYRTLE COTTAGE,,,WARK,CORNHILL-ON-TWEED,NORTHUMBERLAND,NORTHUMBERLAND,Standard,Addition,55.6417030000,-2.2791680000
400000,2014-04-23 00:00:00Z,TD12 4SY,Detached,Established,Freehold,OAKWOOD,,,CROOKHAM VILLAGE,CORNHILL-ON-TWEED,NORTHUMBERLAND,NORTHUMBERLAND,Standard,Addition,55.6368260000,-2.1348190000
147128,2014-05-23 00:00:00Z,TD12 4SS,Terraced,Established,Freehold,2,,BRANXTON BUILDINGS FARM COTTAGES,,CORNHILL-ON-TWEED,NORTHUMBERLAND,NORTHUMBERLAND,Standard,Addition,55.6340220000,-2.1772990000
275000,2014-07-23 00:00:00Z,TD12 4RE,Detached,Established,Freehold,KAIM COTTAGE,,,WARK,CORNHILL-ON-TWEED,NORTHUMBERLAND,NORTHUMBERLAND,Standard,Addition,55.6409130000,-2.2789400000
235000,2014-08-27 00:00:00Z,TD12 4UW,Detached,Established,Freehold,OXENDEAN BURN FARMHOUSE,,,,CORNHILL-ON-TWEED,NORTHUMBERLAND,NORTHUMBERLAND,Standard,Addition,55.6648910000,-2.2085470000
160000,2014-05-16 00:00:00Z,TD12 4SJ,Semi-Detached,Established,Freehold,5,,MARDON FARM COTTAGE,,CORNHILL-ON-TWEED,NORTHUMBERLAND,NORTHUMBERLAND,Standard,Addition,55.6341320000,-2.1555860000
125000,2014-03-14 00:00:00Z,TD12 4SN,Semi-Detached,Established,Freehold,CHURCH VIEW,,,BRANXTON,CORNHILL-ON-TWEED,NORTHUMBERLAND,NORTHUMBERLAND,Standard,Addition,55.6308850000,-2.1715990000
91500,2014-07-04 00:00:00Z,TD12 4XN,Terraced,Established,Freehold,5,,SUNNYSIDE COTTAGE,DONALDSONS LODGE,CORNHILL-ON-TWEED,NORTHUMBERLAND,NORTHUMBERLAND,Standard,Addition,55.6667020000,-2.2054410000
235000,2014-08-22 00:00:00Z,TD12 4WB,Detached,New Build,Freehold,9,,TWEED MEADOWS,,CORNHILL-ON-TWEED,NORTHUMBERLAND,NORTHUMBERLAND,Standard,Addition,55.6476320000,-2.2228510000
98000,2014-05-23 00:00:00Z,TD12 4RE,Semi-Detached,Established,Freehold,WAYSIDE COTTAGE,,,WARK,CORNHILL-ON-TWEED,NORTHUMBERLAND,NORTHUMBERLAND,Standard,Addition,55.6409130000,-2.2789400000
120000,2014-09-04 00:00:00Z,TD12 4RH,Detached,Established,Freehold,TWEED COTTAGE,,,WARK,CORNHILL-ON-TWEED,NORTHUMBERLAND,NORTHUMBERLAND,Standard,Addition,55.6417030000,-2.2791680000
209000,2015-05-11 00:00:00Z,TD12 4SL,Detached,Established,Freehold,OAKLEA,,,BRANXTON,CORNHILL-ON-TWEED,NORTHUMBERLAND,NORTHUMBERLAND,Standard,Addition,55.6322910000,-2.1686030000
210000,2015-04-08 00:00:00Z,TD12 4RH,Detached,New Build,Freehold,THE BRAMBLES,,,WARK,CORNHILL-ON-TWEED,NORTHUMBERLAND,NORTHUMBERLAND,Standard,Addition,55.6417030000,-2.2791680000
122000,2015-09-18 00:00:00Z,TD12 4SP,Semi-Detached,Established,Freehold,2,,FLODDEN CRESCENT,BRANXTON,CORNHILL-ON-TWEED,NORTHUMBERLAND,NORTHUMBERLAND,Standard,Addition,55.6312110000,-2.1700280000
169000,2015-12-17 00:00:00Z,TD12 4XH,Semi-Detached,Established,Freehold,1,,NEW HEATON COTTAGES,,CORNHILL-ON-TWEED,NORTHUMBERLAND,NORTHUMBERLAND,Standard,Addition,55.6542580000,-2.1763410000
100000,2015-11-30 00:00:00Z,TD12 4RE,Semi-Detached,Established,Freehold,CHEVIOT VIEW,,,WARK,CORNHILL-ON-TWEED,NORTHUMBERLAND,NORTHUMBERLAND,Standard,Addition,55.6409130000,-2.2789400000
165000,2015-10-02 00:00:00Z,TD12 4UH,Detached,Established,Freehold,SCHOOL VIEW,,MAIN STREET,,CORNHILL-ON-TWEED,NORTHUMBERLAND,NORTHUMBERLAND,Standard,Addition,55.6470870000,-2.2261690000
400000,2015-09-25 00:00:00Z,TD12 4QL,Other,Established,Freehold,NEWBIGGIN HOUSE,,,,MINDRUM,NORTHUMBERLAND,NORTHUMBERLAND,Additional,Addition,55.5959640000,-2.2385050000
150000,2015-11-24 00:00:00Z,TD12 4SS,Terraced,Established,Freehold,3,,BRANXTON BUILDINGS FARM COTTAGES,,CORNHILL-ON-TWEED,NORTHUMBERLAND,NORTHUMBERLAND,Standard,Addition,55.6340220000,-2.1772990000
205000,2015-06-30 00:00:00Z,TD12 4QB,Detached,Established,Freehold,CAMPFIELD FARM,,,,CORNHILL-ON-TWEED,NORTHUMBERLAND,NORTHUMBERLAND,Standard,Addition,55.6322920000,-2.2185140000
138000,2015-07-01 00:00:00Z,TD12 4TA,Terraced,Established,Freehold,36,,,CROOKHAM,CORNHILL-ON-TWEED,NORTHUMBERLAND,NORTHUMBERLAND,Standard,Addition,55.6370290000,-2.1361790000
229000,2015-05-18 00:00:00Z,TD12 4TS,Detached,Established,Freehold,2,WINDYCREST,THE SIDINGS,,CORNHILL-ON-TWEED,NORTHUMBERLAND,NORTHUMBERLAND,Standard,Addition,55.6490490000,-2.2196020000
170000,2015-03-20 00:00:00Z,TD12 4RH,Semi-Detached,New Build,Freehold,BAILEY COTTAGE,,,WARK,CORNHILL-ON-TWEED,NORTHUMBERLAND,NORTHUMBERLAND,Standard,Addition,55.6417030000,-2.2791680000
190000,2015-07-31 00:00:00Z,TD12 4UD,Detached,Established,Freehold,CORNHILL LODGE,,,,CORNHILL-ON-TWEED,NORTHUMBERLAND,NORTHUMBERLAND,Standard,Addition,55.6463230000,-2.2303500000
143000,2015-08-24 00:00:00Z,TD12 4SJ,Semi-Detached,Established,Freehold,2,,MARDON FARM COTTAGE,,CORNHILL-ON-TWEED,NORTHUMBERLAND,NORTHUMBERLAND,Standard,Addition,55.6341320000,-2.1555860000
132000,2015-07-20 00:00:00Z,TD12 4SP,Semi-Detached,Established,Freehold,11,,FLODDEN CRESCENT,BRANXTON,CORNHILL-ON-TWEED,NORTHUMBERLAND,NORTHUMBERLAND,Standard,Addition,55.6312110000,-2.1700280000
90000,2015-06-26 00:00:00Z,TD12 4XN,Semi-Detached,Established,Freehold,10,,SUNNYSIDE COTTAGE,DONALDSONS LODGE,CORNHILL-ON-TWEED,NORTHUMBERLAND,NORTHUMBERLAND,Standard,Addition,55.6667020000,-2.2054410000
222000,2015-06-15 00:00:00Z,TD12 4WB,Detached,New Build,Freehold,3,,TWEED MEADOWS,,CORNHILL-ON-TWEED,NORTHUMBERLAND,NORTHUMBERLAND,Standard,Addition,55.6476320000,-2.2228510000
110000,2016-07-22 00:00:00Z,TD12 4RH,Terraced,Established,Freehold,2,,HILLTOP COTTAGES,WARK,CORNHILL-ON-TWEED,NORTHUMBERLAND,NORTHUMBERLAND,Standard,Addition,55.6417030000,-2.2791680000
227500,2016-04-01 00:00:00Z,TD12 4WB,Detached,Established,Freehold,6,,TWEED MEADOWS,,CORNHILL-ON-TWEED,NORTHUMBERLAND,NORTHUMBERLAND,Standard,Addition,55.6476320000,-2.2228510000
192500,2016-03-24 00:00:00Z,TD12 4QS,Detached,Established,Freehold,12,,KILHAM COTTAGE,,MINDRUM,NORTHUMBERLAND,NORTHUMBERLAND,Standard,Addition,55.5849210000,-2.1868650000
242000,2016-06-17 00:00:00Z,TD12 4WB,Detached,Established,Freehold,"CURLEW COTTAGE, 7",,TWEED MEADOWS,,CORNHILL-ON-TWEED,NORTHUMBERLAND,NORTHUMBERLAND,Standard,Addition,55.6476320000,-2.2228510000
257500,2016-05-24 00:00:00Z,TD12 4RE,Detached,Established,Freehold,BEECHWOOD,,,WARK,CORNHILL-ON-TWEED,NORTHUMBERLAND,NORTHUMBERLAND,Standard,Addition,55.6409130000,-2.2789400000
475000,2016-02-19 00:00:00Z,TD12 4RH,Detached,Established,Freehold,THE WHITRYCK,,,WARK,CORNHILL-ON-TWEED,NORTHUMBERLAND,NORTHUMBERLAND,Standard,Addition,55.6417030000,-2.2791680000
222500,2016-02-04 00:00:00Z,TD12 4SW,Detached,Established,Freehold,STONEHAVEN,,,BRANXTON,CORNHILL-ON-TWEED,NORTHUMBERLAND,NORTHUMBERLAND,Standard,Addition,55.6319860000,-2.1685060000
99000,2016-06-01 00:00:00Z,TD12 4TS,Terraced,Established,Freehold,7,,STATION GARDENS,,CORNHILL-ON-TWEED,NORTHUMBERLAND,NORTHUMBERLAND,Standard,Addition,55.6490490000,-2.2196020000
228000,2016-05-16 00:00:00Z,TD12 4SW,Detached,Established,Freehold,BRAESIDE,,,BRANXTON,CORNHILL-ON-TWEED,NORTHUMBERLAND,NORTHUMBERLAND,Standard,Addition,55.6319860000,-2.1685060000
115000,2016-07-08 00:00:00Z,TD12 4QG,Terraced,Established,Freehold,2,,KYPIE FARM COTTAGES,,MINDRUM,NORTHUMBERLAND,NORTHUMBERLAND,Standard,Addition,55.5995380000,-2.1631620000
175000,2016-09-19 00:00:00Z,TD12 4SW,Semi-Detached,Established,Freehold,OLD SCHOOL,,,BRANXTON,CORNHILL-ON-TWEED,NORTHUMBERLAND,NORTHUMBERLAND,Standard,Addition,55.6319860000,-2.1685060000
126000,2016-11-04 00:00:00Z,TD12 4TX,Detached,Established,Freehold,1,,MARSHALL MEWS,,CORNHILL-ON-TWEED,NORTHUMBERLAND,NORTHUMBERLAND,Standard,Addition,55.6467630000,-2.2254910000
210000,2016-03-11 00:00:00Z,TD12 4QS,Semi-Detached,Established,Freehold,2,,KILHAM COTTAGE,,MINDRUM,NORTHUMBERLAND,NORTHUMBERLAND,Standard,Addition,55.5849210000,-2.1868650000
227700,2016-05-27 00:00:00Z,TD12 4SL,Detached,Established,Freehold,THE AVENUE,,,BRANXTON,CORNHILL-ON-TWEED,NORTHUMBERLAND,NORTHUMBERLAND,Standard,Addition,55.6322910000,-2.1686030000
95000,2016-02-05 00:00:00Z,TD12 4QB,Terraced,Established,Freehold,9,,EAST LEARMOUTH OLD ROW,,CORNHILL-ON-TWEED,NORTHUMBERLAND,NORTHUMBERLAND,Standard,Addition,55.6322920000,-2.2185140000
181000,2016-01-14 00:00:00Z,TD12 4SR,Terraced,Established,Freehold,2,,BLUE ROW,BRANXTON,CORNHILL-ON-TWEED,NORTHUMBERLAND,NORTHUMBERLAND,Standard,Addition,55.6324360000,-2.1679360000
130000,2016-05-11 00:00:00Z,TD12 4SR,Terraced,Established,Freehold,3,,BLUE ROW,BRANXTON,CORNHILL-ON-TWEED,NORTHUMBERLAND,NORTHUMBERLAND,Standard,Addition,55.6324360000,-2.1679360000
185000,2016-09-02 00:00:00Z,TD12 4SN,Detached,Established,Freehold,THE COTTAGE,,,BRANXTON,CORNHILL-ON-TWEED,NORTHUMBERLAND,NORTHUMBERLAND,Standard,Addition,55.6308850000,-2.1715990000
180000,2017-07-10 00:00:00Z,TD12 4SN,Semi-Detached,Established,Freehold,MARMION HOUSE,,,BRANXTON,CORNHILL-ON-TWEED,NORTHUMBERLAND,NORTHUMBERLAND,Standard,Addition,55.6308850000,-2.1715990000
690000,2017-07-06 00:00:00Z,TD12 4QA,Detached,Established,Freehold,TOR COTTAGE,,,,CORNHILL-ON-TWEED,NORTHUMBERLAND,NORTHUMBERLAND,Standard,Addition,55.6466600000,-2.2237190000
335000,2017-04-20 00:00:00Z,TD12 4UW,Detached,Established,Freehold,OXENDEAN LODGE,,,,CORNHILL-ON-TWEED,NORTHUMBERLAND,NORTHUMBERLAND,Standard,Addition,55.6648910000,-2.2085470000
280000,2017-09-28 00:00:00Z,TD12 4SL,Detached,Established,Freehold,LEESIDE,,,BRANXTON,CORNHILL-ON-TWEED,NORTHUMBERLAND,NORTHUMBERLAND,Standard,Addition,55.6322910000,-2.1686030000
325000,2017-09-29 00:00:00Z,TD12 4ST,Detached,Established,Freehold,2,,CROFT GARDENS,CROOKHAM,CORNHILL-ON-TWEED,NORTHUMBERLAND,NORTHUMBERLAND,Standard,Addition,55.6367370000,-2.1333580000
305000,2017-09-15 00:00:00Z,TD12 4QB,Detached,Established,Freehold,6,,EAST LEARMOUTH FARM COTTAGE,,CORNHILL-ON-TWEED,NORTHUMBERLAND,NORTHUMBERLAND,Standard,Addition,55.6322920000,-2.2185140000
130000,2017-09-01 00:00:00Z,TD12 4TX,Detached,Established,Freehold,2,,MARSHALL MEWS,,CORNHILL-ON-TWEED,NORTHUMBERLAND,NORTHUMBERLAND,Standard,Addition,55.6467630000,-2.2254910000
220000,2017-07-26 00:00:00Z,TD12 4SS,Detached,Established,Freehold,BRANXTON BUILDINGS FARMHOUSE,,,,CORNHILL-ON-TWEED,NORTHUMBERLAND,NORTHUMBERLAND,Standard,Addition,55.6340220000,-2.1772990000
195000,2017-08-24 00:00:00Z,TD12 4WB,Semi-Detached,New Build,Freehold,1,,TWEED MEADOWS,,CORNHILL-ON-TWEED,NORTHUMBERLAND,NORTHUMBERLAND,Standard,Addition,55.6476320000,-2.2228510000
115000,2017-10-11 00:00:00Z,TD12 4SQ,Terraced,Established,Freehold,4,,CROOKHAM EASTFIELD FARM COTTAGES,,CORNHILL-ON-TWEED,NORTHUMBERLAND,NORTHUMBERLAND,Standard,Addition,55.6443410000,-2.1473970000
155000,2017-09-25 00:00:00Z,TD12 4UJ,Detached,Established,Freehold,JUBILEE COTTAGE,,MAIN STREET,,CORNHILL-ON-TWEED,NORTHUMBERLAND,NORTHUMBERLAND,Standard,Addition,55.6468660000,-2.2244830000
450000,2017-11-16 00:00:00Z,TD12 4TH,Detached,Established,Freehold,OAK HALL COTTAGE,,,,CORNHILL-ON-TWEED,NORTHUMBERLAND,NORTHUMBERLAND,Standard,Addition,55.6315570000,-2.1206660000
220000,2017-04-11 00:00:00Z,TD12 4WB,Detached,New Build,Freehold,4,,TWEED MEADOWS,,CORNHILL-ON-TWEED,NORTHUMBERLAND,NORTHUMBERLAND,Standard,Addition,55.6476320000,-2.2228510000
120000,2017-03-02 00:00:00Z,TD12 4UH,Semi-Detached,Established,Freehold,1,,COUNCIL HOUSES,,CORNHILL-ON-TWEED,NORTHUMBERLAND,NORTHUMBERLAND,Standard,Addition,55.6470870000,-2.2261690000
195000,2017-03-10 00:00:00Z,TD12 4UT,Terraced,Established,Freehold,TILLMOUTH PARK,KEEPERS COTTAGE,,,CORNHILL-ON-TWEED,NORTHUMBERLAND,NORTHUMBERLAND,Standard,Addition,55.6771050000,-2.1899920000
163750,2017-02-08 00:00:00Z,TD12 4QS,Semi-Detached,Established,Freehold,4,,KILHAM COTTAGE,,MINDRUM,NORTHUMBERLAND,NORTHUMBERLAND,Standard,Addition,55.5849210000,-2.1868650000
124000,2017-08-09 00:00:00Z,TD12 4QB,Terraced,Established,Freehold,5,,EAST LEARMOUTH OLD ROW,,CORNHILL-ON-TWEED,NORTHUMBERLAND,NORTHUMBERLAND,Standard,Addition,55.6322920000,-2.2185140000
220000,2017-04-04 00:00:00Z,TD12 4RA,Detached,Established,Freehold,OLD MILL COTTAGE,,,,CORNHILL-ON-TWEED,NORTHUMBERLAND,NORTHUMBERLAND,Standard,Addition,55.6458530000,-2.2277190000
325000,2017-04-11 00:00:00Z,TD12 4XN,Detached,Established,Freehold,ORCHARD HOUSE,,,DONALDSONS LODGE,CORNHILL-ON-TWEED,NORTHUMBERLAND,NORTHUMBERLAND,Standard,Addition,55.6667020000,-2.2054410000
245000,2017-12-12 00:00:00Z,TD12 4WB,Detached,Established,Freehold,12,,TWEED MEADOWS,,CORNHILL-ON-TWEED,NORTHUMBERLAND,NORTHUMBERLAND,Standard,Addition,55.6476320000,-2.2228510000
4000,2017-08-30 00:00:00Z,TD12 4RH,Other,Established,Freehold,THE WHITRYCK,,,WARK,CORNHILL-ON-TWEED,NORTHUMBERLAND,NORTHUMBERLAND,Additional,Addition,55.6417030000,-2.2791680000
167500,2017-02-24 00:00:00Z,TD12 4SD,Other,Established,Freehold,THE STABLES,,,,CORNHILL-ON-TWEED,NORTHUMBERLAND,NORTHUMBERLAND,Additional,Addition,55.6471720000,-2.2192260000
103000,2017-09-12 00:00:00Z,TD12 4SW,Other,Established,Freehold,TYANEE COTTAGE,,,BRANXTON,CORNHILL-ON-TWEED,NORTHUMBERLAND,NORTHUMBERLAND,Additional,Addition,55.6319860000,-2.1685060000
2100000,2017-04-28 00:00:00Z,TD12 4XA,Other,Established,Freehold,TILLMOUTH FARMHOUSE,,,,CORNHILL-ON-TWEED,NORTHUMBERLAND,NORTHUMBERLAND,Additional,Addition,55.6907410000,-2.1741360000
850000,2017-10-05 00:00:00Z,TD12 4QH,Other,Established,Freehold,THORNINGTON HOUSE,,,,MINDRUM,NORTHUMBERLAND,NORTHUMBERLAND,Additional,Addition,55.5961930000,-2.1838880000
150000,2017-02-13 00:00:00Z,TD12 4RH,Detached,Established,Freehold,ORCHARD COTTAGE,,,WARK,CORNHILL-ON-TWEED,NORTHUMBERLAND,NORTHUMBERLAND,Standard,Addition,55.6417030000,-2.2791680000
225000,2018-04-06 00:00:00Z,TD12 4UJ,Detached,Established,Freehold,HOPE COTTAGE,,MAIN STREET,,CORNHILL-ON-TWEED,NORTHUMBERLAND,NORTHUMBERLAND,Standard,Addition,55.6468660000,-2.2244830000
525000,2018-11-08 00:00:00Z,TD12 4UD,Other,Established,Freehold,CORNHILL HOUSE,,,,CORNHILL-ON-TWEED,NORTHUMBERLAND,NORTHUMBERLAND,Additional,Addition,55.6463230000,-2.2303500000
450000,2018-11-19 00:00:00Z,TD12 4QS,Other,Established,Freehold,KILHAM LONGKNOWE,,,,MINDRUM,NORTHUMBERLAND,NORTHUMBERLAND,Additional,Addition,55.5849210000,-2.1868650000
200000,2018-07-27 00:00:00Z,TD12 4SN,Detached,Established,Freehold,THE COTTAGE,,,BRANXTON,CORNHILL-ON-TWEED,NORTHUMBERLAND,NORTHUMBERLAND,Standard,Addition,55.6308850000,-2.1715990000
285000,2018-08-15 00:00:00Z,TD12 4SW,Detached,Established,Freehold,BRANXTON HOUSE,,,BRANXTON,CORNHILL-ON-TWEED,NORTHUMBERLAND,NORTHUMBERLAND,Standard,Addition,55.6319860000,-2.1685060000
246000,2018-08-09 00:00:00Z,TD12 4WB,Detached,Established,Freehold,6,,TWEED MEADOWS,,CORNHILL-ON-TWEED,NORTHUMBERLAND,NORTHUMBERLAND,Standard,Addition,55.6476320000,-2.2228510000
245000,2018-01-08 00:00:00Z,TD12 4RE,Detached,Established,Freehold,KEEPERS COTTAGE,,,WARK,CORNHILL-ON-TWEED,NORTHUMBERLAND,NORTHUMBERLAND,Standard,Addition,55.6409130000,-2.2789400000
285000,2018-02-09 00:00:00Z,TD12 4RE,Detached,Established,Freehold,DOVECOTE,,,WARK,CORNHILL-ON-TWEED,NORTHUMBERLAND,NORTHUMBERLAND,Standard,Addition,55.6409130000,-2.2789400000
124750,2018-02-02 00:00:00Z,TD12 4TS,Terraced,Established,Freehold,10,,STATION GARDENS,,CORNHILL-ON-TWEED,NORTHUMBERLAND,NORTHUMBERLAND,Standard,Addition,55.6490490000,-2.2196020000
159950,2018-04-12 00:00:00Z,TD12 4QG,Semi-Detached,Established,Freehold,2,,HOWTEL FARM COTTAGES,,MINDRUM,NORTHUMBERLAND,NORTHUMBERLAND,Standard,Addition,55.5995380000,-2.1631620000
187500,2018-05-11 00:00:00Z,TD12 4QS,Terraced,Established,Freehold,7,,KILHAM COTTAGE,,MINDRUM,NORTHUMBERLAND,NORTHUMBERLAND,Standard,Addition,55.5849210000,-2.1868650000
174550,2018-03-06 00:00:00Z,TD12 4QS,Semi-Detached,Established,Freehold,1,,KILHAM COTTAGE,,MINDRUM,NORTHUMBERLAND,NORTHUMBERLAND,Standard,Addition,55.5849210000,-2.1868650000
1624446,2018-08-31 00:00:00Z,TD12 4QD,Other,Established,Freehold,WEST MONEYLAWS HOUSE,,,,CORNHILL-ON-TWEED,NORTHUMBERLAND,NORTHUMBERLAND,Additional,Addition,55.6140930000,-2.1999340000
190000,2018-09-19 00:00:00Z,TD12 4XJ,Other,Established,Freehold,1-3 LOOKOUT COTTAGES,,,,CORNHILL-ON-TWEED,NORTHUMBERLAND,NORTHUMBERLAND,Additional,Addition,55.6489920000,-2.1408760000
200000,2018-12-17 00:00:00Z,TD12 4UT,Terraced,Established,Freehold,TILLMOUTH PARK,SADDLER COTTAGE,,,CORNHILL-ON-TWEED,NORTHUMBERLAND,NORTHUMBERLAND,Standard,Addition,55.6771050000,-2.1899920000
95000,2018-09-14 00:00:00Z,TD12 4UB,Semi-Detached,Established,Freehold,6,,ST HELENS GARDENS,,CORNHILL-ON-TWEED,NORTHUMBERLAND,NORTHUMBERLAND,Standard,Addition,55.6472940000,-2.2259480000
117000,2018-07-12 00:00:00Z,TD12 4XN,Terraced,Established,Freehold,4,,SUNNYSIDE COTTAGE,DONALDSONS LODGE,CORNHILL-ON-TWEED,NORTHUMBERLAND,NORTHUMBERLAND,Standard,Addition,55.6667020000,-2.2054410000
127950,2018-12-21 00:00:00Z,TD12 4QG,Terraced,Established,Freehold,7,,HOWTEL FARM COTTAGES,,MINDRUM,NORTHUMBERLAND,NORTHUMBERLAND,Standard,Addition,55.5995380000,-2.1631620000
175000,2018-04-17 00:00:00Z,TD12 4QD,Other,Established,Freehold,WEST MONEYLAWS COTTAGE,,,,CORNHILL-ON-TWEED,NORTHUMBERLAND,NORTHUMBERLAND,Additional,Addition,55.6140930000,-2.1999340000
147500,2018-10-08 00:00:00Z,TD12 4SP,Terraced,Established,Freehold,7,,FLODDEN CRESCENT,BRANXTON,CORNHILL-ON-TWEED,NORTHUMBERLAND,NORTHUMBERLAND,Standard,Addition,55.6312110000,-2.1700280000
168500,2018-11-26 00:00:00Z,TD12 4RE,Detached,Established,Freehold,SHERATON COTTAGE,,,WARK,CORNHILL-ON-TWEED,NORTHUMBERLAND,NORTHUMBERLAND,Standard,Addition,55.6409130000,-2.2789400000
346640,2018-11-19 00:00:00Z,TD12 4QD,Other,Established,Freehold,EAST MONEYLAWS FARM,,,,CORNHILL-ON-TWEED,NORTHUMBERLAND,NORTHUMBERLAND,Additional,Addition,55.6140930000,-2.1999340000
183000,2019-12-11 00:00:00Z,TD12 4SX,Semi-Detached,Established,Freehold,15,,,CROOKHAM,CORNHILL-ON-TWEED,NORTHUMBERLAND,NORTHUMBERLAND,Standard,Addition,55.6373660000,-2.1335820000
170000,2019-10-18 00:00:00Z,TD12 4QB,Terraced,Established,Freehold,3,,CAMPFIELD FARM COTTAGE,,CORNHILL-ON-TWEED,NORTHUMBERLAND,NORTHUMBERLAND,Standard,Addition,55.6322920000,-2.2185140000
245000,2019-09-20 00:00:00Z,TD12 4UQ,Other,Established,Freehold,OLD SCHOOL,,,,CORNHILL-ON-TWEED,NORTHUMBERLAND,NORTHUMBERLAND,Additional,Addition,55.6462610000,-2.2254180000
260000,2019-06-26 00:00:00Z,TD12 4ST,Detached,Established,Freehold,3,,CROFT GARDENS,CROOKHAM,CORNHILL-ON-TWEED,NORTHUMBERLAND,NORTHUMBERLAND,Standard,Addition,55.6367370000,-2.1333580000
230000,2019-06-25 00:00:00Z,TD12 4RH,Semi-Detached,Established,Freehold,COMPTON COTTAGE,,,WARK,CORNHILL-ON-TWEED,NORTHUMBERLAND,NORTHUMBERLAND,Standard,Addition,55.6417030000,-2.2791680000
110000,2019-07-05 00:00:00Z,TD12 4SF,Terraced,Established,Freehold,BARELEES FARM COTTAGE,5,,,CORNHILL-ON-TWEED,NORTHUMBERLAND,NORTHUMBERLAND,Standard,Addition,55.6407270000,-2.1993160000
125000,2019-02-28 00:00:00Z,TD12 4UH,Terraced,Established,Freehold,CARLOWRIE,,MAIN STREET,,CORNHILL-ON-TWEED,NORTHUMBERLAND,NORTHUMBERLAND,Standard,Addition,55.6470870000,-2.2261690000
281500,2019-08-28 00:00:00Z,TD12 4RE,Semi-Detached,Established,Freehold,CHEVIOT VIEW,,,WARK,CORNHILL-ON-TWEED,NORTHUMBERLAND,NORTHUMBERLAND,Standard,Addition,55.6409130000,-2.2789400000
375000,2019-08-23 00:00:00Z,TD12 4SS,Detached,Established,Freehold,BRANXTON BUILDINGS FARMHOUSE,,,,CORNHILL-ON-TWEED,NORTHUMBERLAND,NORTHUMBERLAND,Standard,Addition,55.6340220000,-2.1772990000
103000,2019-12-17 00:00:00Z,TD12 4XN,Terraced,Established,Freehold,5,,SUNNYSIDE COTTAGE,DONALDSONS LODGE,CORNHILL-ON-TWEED,NORTHUMBERLAND,NORTHUMBERLAND,Standard,Addition,55.6667020000,-2.2054410000
170000,2019-01-18 00:00:00Z,TD12 4WB,Semi-Detached,Established,Freehold,1,,TWEED MEADOWS,,CORNHILL-ON-TWEED,NORTHUMBERLAND,NORTHUMBERLAND,Standard,Addition,55.6476320000,-2.2228510000
122000,2019-11-29 00:00:00Z,TD12 4UH,Semi-Detached,Established,Freehold,1,,COUNCIL HOUSES,,CORNHILL-ON-TWEED,NORTHUMBERLAND,NORTHUMBERLAND,Standard,Addition,55.6470870000,-2.2261690000
510000,2019-12-12 00:00:00Z,TD12 4TH,Detached,Established,Freehold,OAK HALL COTTAGE,,,,CORNHILL-ON-TWEED,NORTHUMBERLAND,NORTHUMBERLAND,Standard,Addition,55.6315570000,-2.1206660000
151000,2019-06-21 00:00:00Z,TD12 4UT,Terraced,Established,Freehold,TILLMOUTH PARK,DROVER COTTAGE,,,CORNHILL-ON-TWEED,NORTHUMBERLAND,NORTHUMBERLAND,Standard,Addition,55.6771050000,-2.1899920000
260000,2019-05-23 00:00:00Z,TD12 4WB,Detached,Established,Freehold,11,,TWEED MEADOWS,,CORNHILL-ON-TWEED,NORTHUMBERLAND,NORTHUMBERLAND,Standard,Addition,55.6476320000,-2.2228510000
160000,2020-03-31 00:00:00Z,TD12 4QG,Semi-Detached,Established,Freehold,2,,HOWTEL FARM COTTAGES,,MINDRUM,NORTHUMBERLAND,NORTHUMBERLAND,Standard,Addition,55.5995380000,-2.1631620000
295000,2020-05-07 00:00:00Z,TD12 4RB,Detached,Established,Freehold,THE BUNGALOW,,,,CORNHILL-ON-TWEED,NORTHUMBERLAND,NORTHUMBERLAND,Standard,Addition,55.6313830000,-2.2391660000
165000,2020-04-30 00:00:00Z,TD12 4UB,Semi-Detached,Established,Freehold,7,,ST HELENS GARDENS,,CORNHILL-ON-TWEED,NORTHUMBERLAND,NORTHUMBERLAND,Standard,Addition,55.6472940000,-2.2259480000
242000,2020-09-02 00:00:00Z,TD12 4UQ,Detached,Established,Freehold,SOUTHVILLE,,,,CORNHILL-ON-TWEED,NORTHUMBERLAND,NORTHUMBERLAND,Standard,Addition,55.6462610000,-2.2254180000
380000,2020-10-30 00:00:00Z,TD12 4XN,Detached,Established,Freehold,ORCHARD HOUSE,,,DONALDSONS LODGE,CORNHILL-ON-TWEED,NORTHUMBERLAND,NORTHUMBERLAND,Standard,Addition,55.6667020000,-2.2054410000
149950,2020-08-07 00:00:00Z,TD12 4RE,Detached,Established,Freehold,WOODCOTE COTTAGE,,,WARK,CORNHILL-ON-TWEED,NORTHUMBERLAND,NORTHUMBERLAND,Standard,Addition,55.6409130000,-2.2789400000
297500,2020-12-07 00:00:00Z,TD12 4SL,Detached,Established,Freehold,APPLE LODGE,,,BRANXTON,CORNHILL-ON-TWEED,NORTHUMBERLAND,NORTHUMBERLAND,Standard,Addition,55.6322910000,-2.1686030000
260000,2020-12-15 00:00:00Z,TD12 4SW,Detached,Established,Freehold,BRAESIDE,,,BRANXTON,CORNHILL-ON-TWEED,NORTHUMBERLAND,NORTHUMBERLAND,Standard,Addition,55.6319860000,-2.1685060000
249000,2021-01-14 00:00:00Z,TD12 4WB,Detached,Established,Freehold,3,,TWEED MEADOWS,,CORNHILL-ON-TWEED,NORTHUMBERLAND,NORTHUMBERLAND,Standard,Addition,55.6476320000,-2.2228510000
276178,2021-11-29 00:00:00Z,TD12 4WB,Detached,Established,Freehold,"CURLEW COTTAGE, 7",,TWEED MEADOWS,,CORNHILL-ON-TWEED,NORTHUMBERLAND,NORTHUMBERLAND,Standard,Addition,55.6476320000,-2.2228510000
173000,2021-09-13 00:00:00Z,TD12 4UP,Terraced,Established,Freehold,1,,ST CUTHBERTS COTTAGES,,CORNHILL-ON-TWEED,NORTHUMBERLAND,NORTHUMBERLAND,Standard,Addition,55.6691000000,-2.2010660000
188000,2021-04-16 00:00:00Z,TD12 4TS,Detached,Established,Freehold,24,,STATION GARDENS,,CORNHILL-ON-TWEED,NORTHUMBERLAND,NORTHUMBERLAND,Standard,Addition,55.6490490000,-2.2196020000
190000,2021-04-09 00:00:00Z,TD12 4SN,Semi-Detached,Established,Freehold,CHURCH VIEW,,,BRANXTON,CORNHILL-ON-TWEED,NORTHUMBERLAND,NORTHUMBERLAND,Standard,Addition,55.6308850000,-2.1715990000
250000,2021-03-18 00:00:00Z,TD12 4TS,Detached,Established,Freehold,18,,STATION GARDENS,,CORNHILL-ON-TWEED,NORTHUMBERLAND,NORTHUMBERLAND,Standard,Addition,55.6490490000,-2.2196020000
375000,2021-09-29 00:00:00Z,TD12 4TS,Other,Established,Freehold,1,,THE SIDINGS,,CORNHILL-ON-TWEED,NORTHUMBERLAND,NORTHUMBERLAND,Additional,Addition,55.6490490000,-2.2196020000
575000,2021-11-25 00:00:00Z,TD12 4SY,Detached,Established,Freehold,OAKWOOD,,,CROOKHAM,CORNHILL-ON-TWEED,NORTHUMBERLAND,NORTHUMBERLAND,Standard,Addition,55.6368260000,-2.1348190000
700000,2021-10-29 00:00:00Z,TD12 4UT,Detached,Established,Freehold,TILLMOUTH PARK,OLD SCHOOL HOUSE,,,CORNHILL-ON-TWEED,NORTHUMBERLAND,NORTHUMBERLAND,Standard,Addition,55.6771050000,-2.1899920000
330000,2021-06-16 00:00:00Z,TD12 4WB,Detached,Established,Freehold,11,,TWEED MEADOWS,,CORNHILL-ON-TWEED,NORTHUMBERLAND,NORTHUMBERLAND,Standard,Addition,55.6476320000,-2.2228510000
249950,2021-06-25 00:00:00Z,TD12 4WB,Detached,Established,Freehold,8,,TWEED MEADOWS,,CORNHILL-ON-TWEED,NORTHUMBERLAND,NORTHUMBERLAND,Standard,Addition,55.6476320000,-2.2228510000
120000,2021-04-23 00:00:00Z,TD12 4TS,Terraced,Established,Freehold,5,,STATION GARDENS,,CORNHILL-ON-TWEED,NORTHUMBERLAND,NORTHUMBERLAND,Standard,Addition,55.6490490000,-2.2196020000
360000,2021-09-28 00:00:00Z,TD12 4ST,Detached,Established,Freehold,4,,CROFT GARDENS,CROOKHAM,CORNHILL-ON-TWEED,NORTHUMBERLAND,NORTHUMBERLAND,Standard,Addition,55.6367370000,-2.1333580000
2050000,2021-06-14 00:00:00Z,TD12 4QD,Other,Established,Freehold,TITHE HILL FARMHOUSE,,,,CORNHILL-ON-TWEED,NORTHUMBERLAND,NORTHUMBERLAND,Additional,Addition,55.6140930000,-2.1999340000
120000,2021-10-01 00:00:00Z,TD12 4SW,Detached,Established,Freehold,TYANEE COTTAGE,,,BRANXTON,CORNHILL-ON-TWEED,NORTHUMBERLAND,NORTHUMBERLAND,Standard,Addition,55.6319860000,-2.1685060000
320250,2022-01-25 00:00:00Z,TD12 4QS,Semi-Detached,Established,Freehold,2,,KILHAM COTTAGE,,MINDRUM,NORTHUMBERLAND,NORTHUMBERLAND,Standard,Addition,55.5849210000,-2.1868650000
110000,2022-04-11 00:00:00Z,TD12 4RF,Terraced,Established,Freehold,5,,CHEVIOT VIEW,WARK,CORNHILL-ON-TWEED,NORTHUMBERLAND,NORTHUMBERLAND,Standard,Addition,55.6419450000,-2.2797570000
203000,2022-02-03 00:00:00Z,TD12 4SF,Semi-Detached,Established,Freehold,BARELEES FARM COTTAGE,7,,,CORNHILL-ON-TWEED,NORTHUMBERLAND,NORTHUMBERLAND,Standard,Addition,55.6407270000,-2.1993160000
